building,room,days,start,end
ALP,236,TR,1200,1315
ALP,236,TR,1330,1445
ALP,236,TR,1630,1745
ALP,236,MW,1200,1315
ALP,236,MW,1330,1445
ALP,232,MW,1800,1915
ALP,235,TR,1800,1915
ALP,232,MW,1200,1315
ALP,232,MW,1500,1615
ALP,232,MW,1630,1745
ALP,235,MW,1800,1915
ALP,232,TR,1200,1315
ALP,232,TR,1330,1445
ALP,232,TR,1030,1145
ALP,204,TR,730,845
ALP,204,TR,900,1015
ALP,236,MW,1500,1615
ALP,204,TR,1030,1145
ALP,235,MW,1200,1315
ALP,235,TR,1200,1315
ALP,235,TR,900,1015
ALP,235,MW,1330,1445
ALP,235,TR,1500,1615
ALP,235,MW,1500,1615
ALP,235,TR,1030,1145
ALP,235,TR,1330,1445
ALP,148,TR,1330,1445
ALP,147,MW,1300,1350
ALP,204,MWF,1000,1050
ALP,235,TR,1630,1745
ALP,156,MW,1630,1745
ALP,204,TR,1500,1615
ALP,144,TR,1630,1745
ALP,156,F,1000,1250
ALP,232,F,1000,1250
ALP,148,TR,1500,1615
ALP,205,T,1330,1420
ALP,147,F,700,840
ALP,147,MW,730,845
ALP,144,TR,800,850
ALP,153,TR,1030,1145
ALP,153,MW,1200,1315
ALP,144,MW,900,1015
ALP,144,MW,1500,1615
ALP,144,TR,1030,1145
ALP,156,MW,1030,1145
ALP,144,TR,1500,1615
ALP,156,TR,1500,1615
ALP,156,MW,1330,1445
ALP,144,TR,1200,1315
ALP,144,TR,1330,1445
ALP,144,MW,1330,1445
ALP,144,MW,1730,1845
ALP,156,T,1330,1445
ALP,156,MW,1200,1315
ALP,153,M,1730,2020
ALP,144,F,900,1050
ALP,144,F,1100,1250
ALP,236,MWF,900,950
ALP,144,MW,1030,1145
ALP,224,MW,730,845
ALP,224,MW,1500,1615
ALP,224,MW,1630,1745
ALP,224,TR,900,1015
ALP,224,TR,1030,1145
ALP,224,TR,1200,1315
ALP,224,TR,1330,1445
ALP,224,TR,1630,1745
ALP,224,TR,1800,1915
ALP,138,MWF,1000,1050
ALP,138,MW,1330,1445
ALP,138,MW,1200,1315
ALP,156,MW,1500,1615
ALP,148,MW,1330,1445
ALP,147,TR,1030,1145
ALP,148,TR,1200,1315
ALP,148,TR,1200,1315
ALP,205,M,800,850
ALP,205,M,900,950
ALP,227,M,1500,1550
ALP,138,R,900,1015
ALP,231,TR,1630,1745
ALP,156,TR,1200,1315
ALP,153,W,1600,1850
ALP,153,W,1600,1850
ALP,205,M,1300,1550
ALP,218,MWF,1100,1150
ALP,218,MWF,900,950
ALP,218,MWF,800,850
ALP,138,MW,1500,1615
ALP,236,MWF,1000,1050
ALP,218,TR,1200,1315
ALP,218,TR,1030,1145
ALP,218,MWF,1500,1550
ALP,218,MWF,1000,1050
ALP,218,MWF,1400,1450
ALP,218,TR,1330,1445
ALP,156,MWF,900,950
ALP,153,TR,1500,1615
ALP,218,MWF,1200,1250
ALP,236,MWF,1100,1150
ALP,218,TR,900,1015
ALP,147,M,1400,1650
ALP,147,W,1500,1650
ALP,204,MW,1200,1315
ALP,235,MW,1630,1745
ALP,156,MW,1800,1915
ALP,148,MW,1200,1315
ALP,153,TR,1200,1250
ALP,148,MW,1500,1615
ALP,148,TR,1030,1145
ALP,231,TR,1030,1145
ALP,144,TR,900,1015
ALP,235,MWF,1000,1050
ALP,138,MWF,1100,1150
ALP,227,TR,900,1015
ALP,138,MWF,800,850
ALP,138,R,800,850
ALP,148,T,800,850
ALP,148,MWF,800,850
ALP,227,T,1330,1420
ALP,227,MWRF,800,850
ALP,153,T,1330,1420
ALP,231,MWF,1400,1450
ALP,231,MWF,1200,1250
ALP,148,MWF,900,950
ALP,147,MWF,1000,1050
ALP,148,MWF,1100,1150
ALP,156,R,1030,1120
ALP,227,R,1330,1420
ALP,227,MWF,900,950
ALP,156,R,1330,1420
ALP,231,MWF,1300,1350
ALP,204,MWF,900,950
ALP,231,MW,730,845
ALP,148,MWF,1000,1050
ALP,227,MWF,1200,1250
ALP,231,TR,1330,1445
ALP,231,MWF,900,950
ALP,231,MWF,1000,1050
ALP,231,TR,730,845
ALP,204,MWF,1100,1150
ALP,156,T,1030,1120
ALP,227,MWF,1000,1050
ALP,232,MWF,900,950
ALP,231,TR,900,1015
ALP,227,T,1030,1145
ALP,227,R,1030,1145
ALP,147,MWF,1200,1250
ALP,147,TR,900,1015
ALP,227,TR,1200,1315
ALP,231,TR,1200,1315
ALP,231,MW,1600,1715
ALP,147,TR,1500,1615
ALP,147,MW,1100,1150
ALP,232,MW,1330,1445
ALP,236,MW,1630,1745
ALP,204,MW,1800,1915
ALP,236,TR,1500,1615
ALP,204,TR,1630,1745
ALP,204,TR,1200,1315
ALP,224,TR,1500,1615
ALP,224,MW,1200,1315
ALP,224,MW,1330,1445
ALP,232,R,1800,2050
ALP,232,TR,1500,1615
ALP,205,MW,1100,1150
ALP,205,TR,1200,1250
ALP,205,TR,900,950
ALP,153,MW,1100,1150
ALP,205,MW,1000,1050
ALP,205,MW,1200,1250
ALP,232,MW,1030,1145
ALP,204,MW,1330,1445
ALP,204,MW,1500,1615
ALP,204,MW,1630,1745
ALP,232,TR,1630,1745
ALP,204,TR,1330,1445
ALP,212,MWF,900,950
ALP,212,MWF,1000,1050
ALP,212,MWF,1100,1150
ALP,122,TR,1330,1445
ALP,122,TR,1500,1615
ALP,212,W,1900,2150
ALP,212,TR,1500,1615
ALP,212,R,1730,2020
ALP,122,MW,1330,1445
ALP,122,TR,900,1015
ALP,122,TR,1200,1315
ALP,212,MW,1200,1315
ALP,212,MW,1500,1615
ALP,212,TR,1200,1315
ALP,212,T,1730,2020
ALP,122,TR,1030,1145
ALP,236,MWF,1100,1150
ALP,122,MW,1200,1315
ALP,122,MW,1500,1615
ALP,212,MW,1330,1445
ALP,212,TR,1330,1445
ALP,138,TR,1500,1615
ALP,138,TR,1330,1445
ALP,138,TR,1200,1315
ALP,138,T,900,1015
ALP,138,TR,1030,1145
ALP,227,MW,1600,1715
ALP,231,MWF,1100,1150
ALP,218,MWF,1300,1350
ALP,153,TR,730,845
ALP,153,MWF,1000,1050
ALP,153,R,1330,1420
ALP,227,MWF,1300,1350
ALP,156,TR,900,1015
ALP,205,TR,1030,1145
ALP,231,TR,1500,1615
ALP,205,T,1730,2020
AMD,153,TR,900,1015
AMD,153,TR,1500,1615
AMD,150,TR,900,1015
AMD,263,W,1630,1920
AMD,240,TR,1500,1615
AMD,153,MWF,800,850
AMD,153,MW,1200,1315
AMD,219,MW,1200,1315
AMD,219,MW,1330,1445
AMD,219,MW,1500,1615
AMD,219,MW,1000,1050
AMD,240,TR,900,1015
AMD,362,TR,730,845
AMD,263,TR,1500,1615
AMD,263,MTWR,1200,1250
AMD,250,MW,1200,1250
AMD,153,MW,1000,1050
AMD,152,T,800,850
AMD,151,MW,1600,1715
AMD,262,MW,1200,1350
AMD,309,MW,1100,1250
AMD,217,TR,1030,1145
AMD,217,MW,1500,1615
AMD,217,MWF,1100,1150
AMD,217,MW,1200,1315
AMD,217,TR,1500,1615
AMD,240,TR,1330,1445
AMD,220,TR,1330,1445
AMD,240,TR,1200,1315
AMD,220,TR,1200,1315
AMD,220,MW,1330,1445
AMD,217,MWF,1000,1050
AMD,217,TR,1330,1445
AMD,217,MW,1330,1445
AMD,217,M,1730,2020
AMD,217,W,1730,2020
AMD,217,R,1200,1315
AMD,261,TR,1030,1145
AMD,309,TR,900,1015
AMD,250,TR,1030,1145
AMD,362,M,1200,1315
AMD,261,M,800,850
AMD,362,T,1400,1450
AMD,314,MW,1200,1315
AMD,308,TR,1200,1315
AMD,314,MW,1330,1445
AMD,261,MW,900,1015
AMD,261,TR,1330,1445
AMD,308,TR,1500,1615
AMD,261,MW,1030,1145
AMD,261,MW,1330,1445
AMD,308,TR,900,1015
AMD,308,TR,1030,1145
AMD,314,TR,1500,1615
AMD,314,TR,1030,1145
AMD,261,MW,1200,1315
AMD,314,TR,1200,1315
AMD,240,TR,1030,1145
AMD,309,MWF,1400,1450
AMD,309,TR,1200,1315
AMD,152,MWF,1100,1150
AMD,152,MWF,1000,1050
AMD,314,MWF,1000,1050
AMD,309,TR,1330,1445
AMD,309,TR,1500,1615
AMD,263,MW,900,1015
AMD,262,MWF,1000,1050
AMD,314,MWF,1500,1550
AMD,250,MWF,1100,1150
AMD,309,MW,1300,1350
AMD,309,W,1730,1820
AMD,309,T,1730,2020
AMD,309,M,1730,1820
AMD,153,TR,1200,1315
AMD,152,TR,1330,1445
AMD,152,TR,1630,1745
AMD,152,TR,1030,1145
AMD,152,TR,1200,1315
AMD,153,TR,1630,1745
AMD,152,MW,1500,1615
AMD,153,TR,1330,1445
AMD,152,MW,1200,1315
AMD,152,MW,1330,1445
AMD,219,TR,1500,1615
AMD,263,TR,900,1015
AMD,150,TR,800,850
AMD,314,W,1730,2020
AMD,314,TR,1330,1445
AMD,260,T,1500,1750
AMD,219,M,900,950
AMD,219,W,900,950
AMD,260,R,1500,1750
AMD,153,M,900,950
AMD,153,W,900,950
AMD,153,F,900,950
AMD,153,F,1000,1050
AMD,219,TR,1200,1315
AMD,219,TR,1330,1445
AMD,153,MW,1500,1615
AMD,153,MW,1330,1445
AMD,219,TR,900,1015
AMD,219,TR,1030,1145
AMD,362,TR,1500,1550
AMD,153,TR,1030,1145
AMD,252,MWF,800,850
AMD,260,MWF,900,950
AMD,252,MW,1330,1445
AMD,150,MW,1500,1615
AMD,262,T,1900,2150
AMD,252,TR,1030,1145
AMD,252,TR,1200,1315
AMD,252,TR,900,1015
AMD,260,MWF,1000,1050
AMD,260,MWF,1100,1150
AMD,252,MWF,900,950
AMD,252,MWF,1000,1050
AMD,252,MW,1500,1615
AMD,252,M,1730,2020
AMD,252,MW,1200,1315
AMD,313,MW,1730,1845
AMD,252,W,1730,2020
AMD,252,TR,1500,1615
AMD,252,TR,1330,1445
AMD,262,TR,1500,1615
AMD,252,T,1730,2020
AMD,262,TR,1200,1315
AMD,262,TR,1330,1445
AMD,260,MW,1200,1315
AMD,260,MW,1330,1445
AMD,260,MWF,800,850
AMD,260,MW,1500,1615
AMD,260,M,1800,2050
AMD,260,T,1800,2050
AMD,260,W,1800,2050
AMD,260,R,1800,2050
AMD,150,MWF,800,850
AMD,150,MW,1200,1315
AMD,308,MWF,1500,1550
AMD,308,MWF,1600,1650
AMD,150,MWF,1000,1050
AMD,308,MWF,900,950
AMD,151,TR,1730,1845
AMD,308,MWF,1100,1150
AMD,151,TR,900,1015
AMD,150,TR,1200,1315
AMD,209,T,900,1150
AMD,209,W,1730,2020
AMD,209,R,1200,1450
AMD,151,TR,1200,1315
AMD,308,MWF,800,850
AMD,151,TR,1500,1615
AMD,150,MWF,900,950
AMD,150,MW,1330,1445
AMD,308,MW,1200,1315
AMD,313,MWF,1100,1150
AMD,220,MW,1200,1315
AMD,313,MW,1330,1445
AMD,313,TR,900,1015
AMD,220,TR,1030,1145
AMD,313,TR,1500,1615
AMD,313,R,1730,1845
AMD,150,TR,1030,1145
AMD,151,MW,1000,1050
AMD,151,MW,1100,1150
AMD,151,TR,1030,1145
AMD,151,TR,1330,1445
AMD,150,MWF,1100,1150
AMD,151,MWF,1400,1450
AMD,362,F,1430,1630
AMD,362,T,900,1150
AMD,354,T,1200,1450
AMD,261,R,1600,1850
AMD,362,R,900,1150
AMD,362,W,900,1150
AMD,261,W,1600,1850
AMD,362,W,1200,1450
AMD,362,M,900,1150
AMD,240,MW,1500,1615
AMD,308,TR,1630,1745
AMD,240,MW,1200,1315
AMD,313,MW,1000,1050
AMD,250,MW,1500,1615
AMD,220,MW,1630,1745
AMD,250,TR,1800,1915
AMD,220,TR,1930,2045
AMD,314,R,1700,1750
AMD,263,W,1100,1150
AMD,250,MW,1330,1445
AMD,313,MW,1500,1615
AMD,250,TR,900,1015
AMD,313,TR,1030,1145
AMD,250,TR,1200,1315
AMD,313,TR,1330,1445
AMD,262,MW,1800,1915
AMD,220,MW,1930,2045
AMD,250,TR,1330,1445
AMD,250,TR,1630,1745
AMD,250,MW,1630,1745
AMD,250,M,1800,2050
AMD,314,T,1800,2050
AMD,263,MW,1330,1445
AMD,263,TR,1030,1145
AMD,309,TR,1030,1145
AMD,262,MW,1500,1615
AMD,240,MW,1330,1445
AMD,313,MW,1200,1315
AMD,314,MW,900,950
AMD,220,TR,900,1015
ARC,1016,MW,1200,1315
ARC,1016,MW,1330,1445
ARC,1016,MW,1630,1745
ARC,1011,TR,1500,1615
ARC,1011,TR,1200,1315
ARC,1010,TR,1030,1145
ARC,1014,M,900,950
ARC,1015,W,900,1150
ARC,1015,T,1030,1120
ARC,1015,R,1030,1320
ARC,1015,M,1330,1420
ARC,1015,F,1300,1550
ARC,1011,MW,1330,1445
ARC,1015,F,900,1150
ARC,1014,TR,730,845
ARC,1010,TR,1200,1250
ARC,1014,TR,1100,1150
ARC,1007,TR,1630,1745
ARC,1011,T,1030,1145
ARC,1010,R,1500,1615
ARC,1011,W,1500,1615
ARC,1015,MW,1500,1615
ARC,1014,F,900,1150
ARC,3004,F,730,1020
ARC,1014,R,1730,2020
ARC,1007,W,700,950
ARC,3009,MW,1630,1745
ARC,1011,MW,1200,1315
ARC,1010,M,1200,1315
ARC,1010,T,1300,1450
ARC,1014,M,1000,1140
ARC,1010,R,1300,1450
ARC,1014,TR,1600,1715
ARC,1014,MW,1300,1350
ARC,1015,TR,1330,1445
ARC,1016,T,1200,1250
ARC,3004,MW,1500,1615
ARC,3004,S,800,1200
ARC,1009,S,1300,1700
ARC,3006,MW,900,1015
ARC,3006,T,1200,1315
ARC,3006,MW,1500,1615
ARC,3006,MW,1030,1145
ARC,3006,MW,1200,1315
ARC,3006,MW,1330,1445
ARC,1010,T,1630,1920
ARC,1016,T,1600,1850
ARC,3004,MW,1330,1445
ARC,3009,MW,1630,1745
ARC,3004,MW,900,1015
ARC,3004,MW,1030,1145
ARC,3004,TR,1030,1145
ARC,3009,TR,900,1015
ARC,1014,MW,1200,1250
ARC,3004,TR,900,1015
ARC,3004,TR,1200,1315
ARC,1009,MW,900,1015
ARC,1007,MW,1200,1315
ARC,1007,MW,1330,1445
ARC,1007,MW,1500,1615
ARC,1009,MW,1030,1145
ARC,1008,T,1730,2020
ARC,1013,MW,1330,1445
ARC,1013,MW,1500,1615
ARC,1013,TR,1330,1445
ARC,1013,TR,900,1015
ARC,1013,TR,1030,1145
ARC,1013,MW,1630,1745
ARC,1009,MW,1330,1445
ARC,1009,MW,1500,1615
ARC,1009,MW,1800,1915
ARC,1009,TR,900,1015
ARC,1009,TR,1030,1145
ARC,1009,TR,1200,1315
ARC,1009,TR,1330,1445
ARC,1009,TR,1500,1615
ARC,1009,TR,1630,1745
ARC,1009,TR,1800,1915
ARC,1008,MWF,1000,1050
ARC,1008,TR,1330,1445
ARC,1008,TR,1030,1145
ARC,1008,MW,1200,1315
ARC,1008,TR,1500,1615
ARC,1008,TR,1200,1315
ARC,1008,MW,1330,1445
ARC,1008,MW,1500,1615
ARC,3004,T,1800,2050
ARC,1008,M,1800,2050
ARC,3006,TR,900,1015
ARC,3006,TR,1030,1145
ARC,3006,TR,1500,1615
ARC,3004,TR,1500,1615
ARC,1016,TR,1330,1445
ARC,1007,W,1800,2050
ARC,1008,W,1800,2050
ARC,3009,T,1800,2050
ARC,1014,TR,1200,1315
ARC,1014,TR,1330,1445
ARC,1014,MW,1400,1450
ARC,1011,R,1030,1120
ARC,1015,M,800,1050
ARC,1014,W,800,1050
ARC,1015,W,1200,1450
ARC,1015,TR,1730,1845
ARC,1013,TR,1630,1745
ARC,1013,MW,900,1015
ARC,1009,MW,1200,1315
ARC,3009,MWF,1000,1050
ARC,1007,TR,1030,1145
ARC,1007,TR,900,1015
ARC,1007,TR,1200,1315
ARC,1007,TR,1500,1615
ARC,1007,M,1730,2020
ARC,3009,MW,1100,1150
ARC,3009,MWF,900,950
ARC,3009,TR,1330,1445
ARC,3009,TR,1030,1145
ARC,3009,TR,1200,1315
ARC,1007,MW,1100,1150
ARC,3009,MW,1200,1315
ARC,3009,MW,1330,1445
ARC,3009,TR,1630,1745
ARC,3009,MW,1500,1615
ARC,3009,W,1800,2050
ARC,3009,R,1800,2050
ARC,3009,M,1800,2050
ARC,1007,M,1730,2020
ART,1004,TR,800,1050
ART,1003,TR,800,1050
ART,1023,MW,1200,1450
ART,1023,MW,900,1150
ART,1004,MW,1500,1750
ART,1003,MW,1500,1750
ART,1004,TR,1200,1450
ART,1003,TR,1200,1450
ART,1003,MW,1200,1450
ART,1004,MW,1200,1450
ART,1004,TR,1500,1750
ART,1003,TR,1500,1750
ART,1003,S,900,1450
ART,1004,S,900,1450
ART,1003,F,900,1450
ART,1004,F,900,1450
ART,1023,MW,1600,1850
ART,1023,TR,1300,1550
ART,1023,TR,1300,1550
ART,1003,T,1800,2050
ART,1004,T,1800,2050
ART,1004,T,1800,2050
ART,1003,T,1800,2050
BNC,1025,MW,800,850
BNC,1025,MW,900,950
BNC,1025,MW,1200,1315
BNC,1025,MW,1330,1445
BNC,1025,TR,730,845
BNC,1025,MW,1630,1745
BNC,1029,F,1000,1250
BNC,1025,TR,1500,1615
BNC,1025,TR,1030,1145
BNC,1029,MW,1330,1445
BNC,1029,TR,1030,1145
BNC,1029,MW,1500,1615
BNC,1029,TR,1330,1445
BNC,1029,TR,1200,1315
BNC,1029,MW,1030,1145
BNC,1029,R,1730,1845
BNC,1029,MW,1200,1315
BNC,1025,TR,1330,1445
BNC,1029,T,1730,2020
BNC,1029,W,1730,2020
BRH,104,TR,1200,1315
BRH,104,MW,1630,1745
BRH,115,M,1730,2020
BRH,204,W,1330,1445
BRH,204,M,1030,1145
BRH,204,M,1330,1445
BRH,204,W,1030,1145
BRH,204,M,1500,1615
BRH,204,T,1030,1145
BRH,109,MW,1500,1615
BRH,204,R,1330,1445
BRH,204,W,1500,1615
BRH,204,T,1200,1315
BRH,204,R,1700,1950
BRH,204,M,1600,1715
BRH,204,W,1730,1845
BRH,204,R,1200,1315
BRH,204,MW,900,950
BRH,113,T,1500,1550
BRH,203,T,1100,1150
BRH,201,T,1700,1950
BRH,101,TR,900,1015
BRH,101,TR,1030,1145
BRH,101,MW,1630,1745
BRH,101,MW,1330,1445
BRH,208,F,900,1050
BRH,202,MWF,1000,1050
BRH,203,F,1400,1650
BRH,202,MWF,1000,1050
BRH,203,TR,1330,1445
BRH,209,T,1730,1920
BRH,109,W,1630,1920
BRH,109,T,1630,1920
BRH,204,R,900,1015
BRH,105,W,1600,1850
BRH,204,W,1200,1315
BRH,104,MW,1030,1145
BRH,209,W,1600,1850
BRH,114,W,900,1150
BRH,110,W,1030,1145
BRH,218,TR,1200,1315
BRH,201,T,1500,1615
BRH,203,TR,1800,1915
BRH,101,M,800,850
BRH,101,M,1200,1250
BRH,101,T,800,850
BRH,201,T,900,950
BRH,105,TR,1800,1900
BRH,203,TR,1200,1315
BRH,104,TR,1330,1445
BRH,104,TR,1500,1615
BRH,104,TR,1030,1145
BRH,202,MW,1200,1315
BRH,202,TR,900,1015
BRH,202,TR,1030,1145
BRH,114,TR,1500,1615
BRH,202,TR,1800,1915
BRH,202,TR,1200,1315
BRH,114,MW,1200,1315
BRH,114,MW,1330,1445
BRH,114,TR,1200,1315
BRH,104,MW,1200,1315
BRH,114,TR,900,1015
BRH,114,TR,1630,1745
BRH,104,TR,1800,1915
BRH,202,MW,1330,1445
BRH,114,MW,1500,1615
BRH,214,TR,1200,1315
BRH,210,MW,900,950
BRH,208,MW,1000,1050
BRH,214,MW,1200,1315
BRH,210,T,1500,1615
BRH,210,R,1500,1615
BRH,210,MW,1500,1615
BRH,218,TR,1500,1615
BRH,210,TR,1030,1145
BRH,208,M,1500,1750
BRH,208,TR,1030,1145
BRH,210,MW,1330,1445
BRH,214,MW,1500,1615
BRH,210,T,900,1015
BRH,218,MW,1330,1445
BRH,214,TR,900,1015
BRH,210,MW,1000,1050
BRH,208,TR,1200,1315
BRH,210,TR,1330,1445
BRH,214,TR,1330,1445
BRH,110,MW,1200,1315
BRH,110,MW,1330,1445
BRH,110,MW,1630,1745
BRH,110,MW,900,1015
BRH,110,TR,900,1015
BRH,110,TR,1030,1145
BRH,110,TR,1200,1315
BRH,110,TR,1500,1615
BRH,110,TR,1630,1745
BRH,114,W,1800,2050
BRH,104,MW,1500,1615
BRH,110,TR,1330,1445
BRH,104,MW,1330,1445
BRH,201,R,1630,1910
BRH,113,MWF,1200,1250
BRH,109,MWF,1100,1150
BRH,101,T,1200,1250
BRH,203,MWF,1200,1250
BRH,109,T,800,850
BRH,113,MWF,800,850
BRH,109,MWF,900,950
BRH,109,MWF,1000,1050
BRH,109,TR,1030,1145
BRH,109,TR,1330,1445
BRH,115,MWF,800,850
BRH,115,T,800,850
BRH,218,T,800,850
BRH,218,MWF,800,850
BRH,115,MWF,900,950
BRH,115,T,900,950
BRH,115,R,1030,1120
BRH,115,MWF,1000,1050
BRH,109,MWF,1200,1250
BRH,115,MWF,1300,1350
BRH,113,MWF,1000,1050
BRH,101,R,1200,1250
BRH,105,MWF,800,850
BRH,105,T,800,850
BRH,105,T,900,950
BRH,105,MWF,900,950
BRH,105,R,900,950
BRH,105,MWF,1000,1050
BRH,105,T,1030,1120
BRH,105,R,1030,1120
BRH,105,MWF,1100,1150
BRH,115,T,1030,1120
BRH,105,R,1330,1420
BRH,105,MWF,1300,1350
BRH,113,MWF,1100,1150
BRH,105,MWF,1400,1450
BRH,209,MWF,800,850
BRH,209,R,800,850
BRH,209,T,900,950
BRH,209,MWF,900,950
BRH,209,MWF,1000,1050
BRH,209,R,1030,1120
BRH,209,MWF,1100,1150
BRH,209,MWF,1200,1250
BRH,209,T,1200,1250
BRH,101,MWF,1100,1150
BRH,209,T,1030,1120
BRH,209,MWF,1300,1350
BRH,209,T,1330,1420
BRH,209,R,1330,1420
BRH,209,MWF,1400,1450
BRH,115,R,900,950
BRH,201,MWF,1400,1450
BRH,115,T,1330,1420
BRH,105,MWF,1200,1250
BRH,105,T,1200,1250
BRH,115,MWF,1200,1250
BRH,105,R,1200,1250
BRH,201,MWF,800,850
BRH,201,R,800,850
BRH,201,R,900,950
BRH,201,MWF,900,950
BRH,201,R,1030,1120
BRH,201,MWF,1000,1050
BRH,201,T,1030,1120
BRH,201,MWF,1100,1150
BRH,201,MWF,1200,1250
BRH,209,R,1200,1250
BRH,115,TR,1600,1715
BRH,205,MWF,1100,1150
BRH,203,MWF,1300,1350
BRH,201,TR,1330,1445
BRH,113,TR,1330,1445
BRH,203,MWF,1000,1050
BRH,201,TR,1200,1315
BRH,109,MWF,1300,1350
BRH,201,MWF,1300,1350
BRH,113,TR,1030,1145
BRH,113,TR,1200,1315
BRH,203,MWF,900,950
BRH,101,W,1200,1315
BRH,201,MW,1600,1715
BRH,113,TR,1600,1715
BRH,105,W,1500,1550
BRH,113,MW,1500,1615
BRH,203,M,1700,1850
BRH,114,TR,1800,1915
BRH,110,MW,1500,1615
BRH,114,MW,1630,1745
BRH,202,MW,1630,1745
BRH,202,MW,1800,1915
BRH,202,MW,1500,1615
BRH,110,R,1800,2050
BRH,104,M,1800,2050
BRH,115,TR,1200,1315
BRH,101,MW,1500,1615
BRH,104,MWF,800,850
BRH,104,MWF,900,950
BRH,101,MWF,1000,1050
BRH,105,TR,1600,1715
BRH,115,MWF,1100,1150
BRH,204,R,1030,1120
BRH,205,MWF,1200,1250
BRH,205,TR,1200,1315
BRH,105,T,1330,1445
BRH,218,MW,1500,1615
CLV,145,TR,1730,1845
CLV,145,TR,1030,1145
CLV,145,MWF,1000,1050
CLV,145,MW,1200,1315
CLV,145,TR,900,1015
CLV,145,TR,1200,1315
CLV,145,TR,1330,1445
CLV,145,TR,1500,1615
CLV,145,MW,1330,1445
CLV,145,MW,1500,1615
CLV,145,MWF,1100,1150
CLV,141,TR,900,1015
CLV,141,W,1200,1315
CLV,141,T,1200,1315
CLV,135,T,1200,1315
CLV,123,TR,900,1015
CLV,123,TR,1330,1445
CLV,123,MW,1330,1445
CLV,141,TR,1030,1145
CLV,123,TR,1330,1445
CLV,135,MWF,800,850
CLV,135,TR,1500,1615
CLV,135,TR,900,1015
CLV,135,MWF,900,950
CLV,135,MW,1330,1445
CLV,135,MW,1200,1315
CLV,135,MW,1500,1615
CLV,134,MW,1500,1615
CLV,135,MW,1630,1745
CLV,134,MW,1200,1315
CLV,135,TR,1800,1915
CLV,134,TR,1200,1315
CLV,134,MW,1630,1745
CLV,123,MW,1200,1315
CLV,123,MW,1200,1315
CLV,141,TR,1330,1445
CLV,134,TR,1330,1420
CLV,123,T,1030,1120
CLV,123,R,1030,1120
CLV,141,R,1630,1920
CLV,141,M,1200,1315
CLV,141,MW,1330,1445
CLV,141,MW,1500,1615
CPS,327,W,1330,1445
CPS,327,TR,1200,1315
CPS,327,TR,1030,1145
CPS,327,TR,1500,1615
CPS,327,TR,1400,1450
CPS,327,TR,900,1015
CPS,301,F,900,1050
CPS,309,F,1000,1050
CPS,205,MW,1000,1050
CPS,209,MW,800,850
CPS,309,F,800,850
CPS,151,TR,900,1015
CPS,151,TR,1200,1315
CPS,209,TR,1030,1145
CPS,209,TR,900,1015
CPS,227,TR,900,1015
CPS,209,MWF,1100,1150
CPS,209,MWF,1000,1050
CPS,223,MWF,1100,1150
CPS,227,MWF,1000,1050
CPS,205,MWF,1100,1150
CPS,205,MWF,900,950
CPS,223,TR,1200,1315
CPS,223,TR,900,1015
CPS,205,TR,900,1015
CPS,223,TR,1030,1145
CPS,205,TR,1200,1315
CPS,205,TR,1030,1145
CPS,309,MW,800,850
CPS,311,MW,800,850
CPS,309,MW,900,950
CPS,311,MW,900,950
CPS,311,MW,1000,1050
CPS,309,MW,1000,1050
CPS,319,TR,1030,1120
CPS,143,TR,800,850
CPS,227,MW,1530,1620
CPS,321,MW,1000,1050
CPS,303,TR,1100,1150
CPS,223,R,1500,1615
CPS,223,MW,1630,1750
CPS,227,F,1100,1150
CPS,227,F,1150,1340
CPS,227,TR,1030,1145
CPS,223,MWF,1000,1050
CPS,223,MW,1200,1315
CPS,143,MWF,1330,1445
CPS,151,TR,1500,1650
CPS,143,MWF,1530,1750
CPS,143,TR,1630,1800
CPS,143,TR,1330,1445
CPS,151,T,1800,2030
CPS,143,MWF,1200,1315
CPS,142A,TR,1330,1445
CPS,142A,TR,1500,1620
CPS,303,F,1330,1445
CPS,142A,MW,1330,1445
CPS,303,F,1500,1615
CPS,142A,MW,1500,1615
CPS,209,MW,1500,1620
CPS,321,W,1500,1620
CPS,319,M,1330,1445
CPS,321,M,1800,1930
CPS,319,M,1800,1930
CPS,209,T,1500,1615
CPS,143,MW,900,950
CPS,143,TR,1030,1120
CPS,227,MW,1630,1750
CPS,227,MW,1100,1150
CPS,142A,W,1200,1300
CPS,151,M,1400,1550
CPS,151,W,1400,1550
CPS,319,T,1500,1615
CPS,151,M,1200,1315
CPS,303,W,1700,1820
CPS,227,TR,1330,1445
CPS,209,MWF,900,950
CPS,319,R,1500,1615
CPS,209,W,1800,2030
CPS,209,M,1800,2030
DH,212,MW,730,845
DH,106,TR,900,950
DH,208,R,1500,1615
DH,212,MW,900,1015
DH,212,TR,1330,1445
DH,212,MW,1200,1315
DH,212,TR,1500,1615
DH,209,T,1030,1145
DH,212,MW,1330,1445
DH,213,TR,1500,1615
DH,208,TR,900,1015
DH,107,TR,1030,1145
DH,209,R,900,1015
DH,206,T,1030,1145
DH,111,M,1630,1720
DH,111,MW,1200,1315
DH,111,MW,1330,1445
DH,111,MW,1500,1615
DH,109,MW,1800,1915
DH,111,MWF,800,850
DH,109,MWF,800,850
DH,108,MWF,900,950
DH,109,MWF,900,950
DH,111,MWF,1000,1050
DH,108,MWF,800,850
DH,214,MWF,800,850
DH,109,TR,730,845
DH,111,TR,900,1015
DH,109,TR,900,1015
DH,111,TR,1030,1145
DH,109,TR,1030,1145
DH,111,TR,1200,1315
DH,111,TR,1330,1445
DH,109,TR,1330,1445
DH,109,TR,1500,1615
DH,106,TR,1630,1745
DH,106,MWF,900,950
DH,109,TR,1630,1745
DH,109,TR,1800,1915
DH,111,TR,1500,1615
DH,106,MWF,1100,1150
DH,106,MWF,1000,1050
DH,214,TR,1200,1315
DH,214,TR,1500,1615
DH,111,TR,1630,1745
DH,214,MW,1200,1315
DH,108,MW,1500,1615
DH,109,MW,1500,1615
DH,106,MW,1630,1745
DH,206,MW,1630,1745
DH,214,MW,1800,1915
DH,109,MW,1200,1315
DH,109,MW,1330,1445
DH,109,MW,1630,1745
DH,214,TR,900,1015
DH,214,MW,1330,1445
DH,106,TR,1330,1445
DH,109,TR,1200,1315
DH,206,TR,1200,1315
DH,108,T,1830,2120
DH,209,TR,1330,1415
DH,108,MW,1330,1445
DH,209,MW,1500,1615
DH,106,MW,800,850
DH,214,TR,1030,1145
DH,108,TR,1330,1445
DH,206,TR,1630,1745
DH,106,MW,1500,1615
DH,209,TR,1800,1915
DH,209,MW,1630,1745
DH,209,MW,1330,1445
DH,108,TR,1200,1315
DH,109,MWF,1000,1050
DH,209,TR,1500,1615
DH,206,TR,1330,1445
DH,106,TR,1500,1615
DH,214,MW,1630,1745
DH,111,M,1830,2120
DH,209,MW,1630,1745
DH,109,MWF,1000,1050
DH,111,W,1830,2120
DH,111,T,1830,2120
DH,106,TR,1030,1145
DH,107,MWF,1100,1150
DH,107,MWF,1200,1250
DH,107,MWF,1300,1350
DH,107,MWF,900,950
DH,208,MWF,1100,1150
DH,107,MWF,1000,1050
DH,107,MWF,1400,1445
DH,107,TR,1200,1315
DH,107,MWF,1500,1550
DH,107,W,1600,1850
DH,107,TR,1500,1615
DH,108,TR,1030,1120
DH,212,MW,1500,1615
DH,208,T,1500,1745
DH,107,T,1630,1745
DH,108,MW,1200,1315
DH,206,TR,900,1015
DH,209,T,900,950
DH,107,TR,1330,1445
DH,110,MW,730,845
DH,111,MWF,900,950
DH,105,MWF,1000,1050
DH,206,MWF,1100,1150
DH,213,MWF,1000,1050
DH,105,MWF,900,950
DH,108,TR,900,1015
DH,214,R,1330,1420
DH,106,T,1200,1250
DH,209,R,1030,1120
DH,209,MWF,1100,1150
DH,208,TR,1330,1445
DH,214,T,1330,1420
DH,110,MWF,1100,1150
DH,110,MW,900,950
DH,110,MW,1500,1615
DH,110,MW,1000,1050
DH,208,MW,1330,1445
DH,110,TR,900,1015
DH,208,MWF,900,950
DH,208,MWF,1000,1050
DH,110,TR,1630,1745
DH,110,TR,1200,1315
DH,110,TR,1500,1615
DH,110,TR,1030,1145
DH,208,T,1030,1145
DH,208,R,1030,1145
DH,110,MW,1330,1445
DH,110,MW,1200,1315
DH,105,TR,1030,1145
DH,105,TR,1730,1845
DH,105,MW,1330,1445
DH,105,MW,1200,1315
DH,105,TR,1500,1615
DH,105,MW,1730,1845
DH,206,R,1030,1145
DH,212,R,1200,1315
DH,212,T,1200,1315
DH,213,MW,1330,1445
DH,213,TR,1030,1145
DH,213,TR,1200,1315
DH,213,TR,730,845
DH,213,MW,900,950
DH,213,TR,1330,1445
DH,213,MW,1500,1615
DH,213,W,1800,2050
DH,213,M,1800,2050
DH,213,T,1800,2050
DH,213,MW,1200,1315
DH,213,MW,1100,1150
DH,208,W,1800,2050
DH,105,MWF,800,850
DH,209,W,1000,1050
DH,213,TR,900,1015
DH,209,MW,1200,1315
DH,209,TR,730,845
DH,108,TR,1500,1615
DLN,2012,MW,900,1015
DLN,2012,MW,1030,1145
DLN,2012,MW,1200,1315
DLN,2012,MW,1500,1615
DLN,2012,MW,1630,1745
DLN,2012,TR,900,1015
DLN,2012,TR,1030,1145
DLN,2012,TR,1200,1315
DLN,2012,TR,1330,1445
DLN,2012,TR,1500,1615
DLN,2012,F,900,1150
DLN,2012,F,1300,1550
DLN,1010,W,1300,1550
DLN,1010,F,1300,1550
DLN,1004,TR,730,845
DLN,1004,MWF,1100,1150
DLN,1004,M,1200,1250
DLN,1004,TR,1330,1445
DLN,1004,TR,1500,1615
DLN,1004,MWF,900,950
DLN,1004,TR,900,1015
DLN,1010,TR,800,950
DLN,1004,TR,1030,1145
DLN,1004,MW,1600,1715
DLN,1004,MW,1330,1445
DLN,1010,MWF,1200,1250
DLN,1004,MWF,800,850
DLN,1004,TR,1200,1315
DLN,1004,F,1300,1450
DLN,1004,F,1300,1450
DLN,1004,F,1300,1450
DLN,1004,F,1300,1450
DLN,1004,F,1300,1450
DLN,1004,F,1300,1450
DLN,1004,F,1300,1450
DLN,1010,TR,1330,1445
DLN,1010,TR,1030,1145
DLN,1010,TR,1200,1315
DLN,1010,M,1800,2050
DLN,1010,TR,1500,1615
DLN,1010,W,1100,1150
DLN,1010,W,1100,1150
DLN,1004,MWF,1000,1050
DLN,1010,W,1730,2030
DLN,1010,T,1730,2020
DTN,110,M,1800,2050
DTN,110,R,1800,2050
DTN,108,M,1800,2050
DTN,108,W,1800,2050
DTN,108,T,1800,2050
EUR,107,MW,1630,1745
EUR,107,MW,1500,1615
EUR,107,TR,1330,1445
EUR,107,TR,1500,1615
EUR,112,W,1500,1615
EUR,104,T,1200,1315
EUR,209,MW,1330,1445
EUR,115,T,900,1015
EUR,101,MWF,1200,1250
EUR,112,M,1630,1745
EUR,112,T,1630,1745
EUR,115,R,1330,1445
EUR,106,T,1200,1315
EUR,111,TR,1100,1150
EUR,111,MW,900,950
EUR,115,R,1030,1145
EUR,223,M,1500,1615
EUR,211,T,1200,1315
EUR,320,R,1500,1615
EUR,107,W,1000,1100
EUR,111,TR,900,1050
EUR,223,R,900,1015
EUR,209,TR,1200,1350
EUR,209,W,1000,1250
EUR,111,W,1630,1745
EUR,111,MW,1500,1615
EUR,104,M,1200,1315
EUR,209,R,1030,1145
EUR,111,M,1730,1845
EUR,111,T,1500,1615
EUR,106,R,1030,1145
EUR,111,MW,1330,1445
EUR,115,TR,1200,1315
EUR,101,F,1330,1445
EUR,223,T,1200,1315
EUR,102,T,1600,1715
EUR,215,TR,1030,1145
EUR,309,M,1200,1315
EUR,104,T,1500,1615
EUR,115,M,900,1015
EUR,105,T,1500,1615
EUR,104,T,1030,1145
EUR,115,T,1500,1615
EUR,104,R,1330,1445
EUR,315,M,1730,1920
EUR,329,W,1730,1920
EUR,309,M,1400,1450
EUR,315,M,1300,1350
EUR,113,W,1730,2020
EUR,103,TR,1200,1315
EUR,104,R,1200,1315
EUR,114,MW,1730,1845
EUR,114,MW,1500,1615
EUR,104,T,1330,1445
EUR,109,TR,1330,1445
EUR,109,TR,1330,1445
EUR,109,TR,1330,1445
EUR,109,T,1200,1315
EUR,102,MW,1100,1150
EUR,109,TR,1500,1550
EUR,109,MW,1400,1450
EUR,113,M,1600,1850
EUR,102,W,1600,1850
EUR,113,MW,1330,1445
EUR,104,TR,900,1015
EUR,106,TR,1400,1515
EUR,114,MW,1730,1845
EUR,101,TR,1030,1145
EUR,113,TR,1330,1445
EUR,113,TR,1800,1915
EUR,307G,MW,900,1050
EUR,307G,MW,1200,1350
EUR,307G,T,900,1050
EUR,307G,R,900,1050
EUR,307G,M,1630,1820
EUR,307G,M,1830,2020
EUR,309,TR,900,1050
EUR,309,TR,1200,1350
EUR,101,M,1300,1550
EUR,309,W,1600,1850
EUR,101,W,1900,2150
EUR,106,M,1300,1550
EUR,101,R,1300,1550
EUR,106,M,1600,1850
EUR,106,W,1600,1850
EUR,423,M,1300,1550
EUR,413C,M,1300,1550
EUR,413C,W,1900,2150
EUR,423,W,1900,2150
EUR,423,W,1300,1550
EUR,309,W,1300,1550
EUR,320,M,900,1150
EUR,106,T,1900,2150
EUR,115,W,1300,1550
EUR,415,M,1300,1550
EUR,115,M,1900,2150
EUR,413C,M,1600,1750
EUR,413C,T,1700,1850
EUR,106,T,1600,1850
EUR,106,T,900,1150
EUR,101,M,1900,2150
EUR,106,R,1600,1850
EUR,101,W,900,1150
EUR,320,W,1600,1850
EUR,320,T,1600,1850
EUR,309,T,1600,1850
EUR,415,M,900,1050
EUR,425,M,900,1050
EUR,415,M,1600,1750
EUR,425,M,1600,1750
EUR,415,W,1300,1450
EUR,425,W,1300,1450
EUR,425,W,1700,1850
EUR,415,W,1700,1850
EUR,415,T,1700,1850
EUR,413C,T,1900,2050
EUR,415,W,1900,2050
EUR,415,T,1400,1550
EUR,413C,M,1900,2050
EUR,309,M,1600,1750
EUR,413C,R,1900,2050
EUR,315,F,1730,2130
EUR,315,S,800,1730
EUR,315,S,800,1730
EUR,315,F,1730,2130
EUR,315,S,800,1730
EUR,315,F,1730,2130
EUR,309,F,1730,2130
EUR,309,S,800,1730
EUR,309,F,1730,2130
EUR,309,F,1730,2130
EUR,309,S,800,1730
EUR,309,S,800,1730
EUR,103,S,800,1730
EUR,103,F,1730,2130
EUR,103,S,800,1730
EUR,103,S,800,1730
EUR,103,F,1730,2130
EUR,103,F,1730,2130
EUR,103,S,800,1730
EUR,103,F,1730,2130
EUR,103,F,1730,2130
EUR,103,S,800,1730
EUR,103,F,1730,2130
EUR,103,S,800,1730
EUR,320,S,800,1730
EUR,320,F,1730,2130
EUR,320,F,1730,2130
EUR,320,S,800,1730
EUR,320,F,1730,2130
EUR,320,S,800,1730
EUR,102,F,1730,2130
EUR,102,S,800,1730
EUR,102,S,800,1730
EUR,102,F,1730,2130
EUR,102,F,1730,2130
EUR,102,S,800,1730
EUR,320,S,800,1730
EUR,320,F,1730,2130
EUR,320,S,800,1730
EUR,320,F,1730,2130
EUR,320,S,800,1730
EUR,320,F,1730,2130
EUR,113,F,1800,2200
EUR,313E,M,1600,1850
EUR,108,R,1630,1920
EUR,313E,M,1900,2150
EUR,112,T,1030,1145
EUR,112,R,1030,1145
EUR,313E,W,900,1015
EUR,313E,M,900,1015
EUR,313E,MW,1030,1145
EUR,313E,MW,1330,1445
EUR,112,MW,900,1015
EUR,313E,MW,1200,1315
EUR,315,T,1200,1315
EUR,307G,TR,1330,1445
EUR,223,T,1600,1850
EUR,315,R,1030,1145
EUR,320,R,1200,1315
EUR,315,T,900,1015
EUR,313E,TR,1030,1145
EUR,223,TR,1330,1445
EUR,112,MW,1330,1445
EUR,313E,T,900,1015
EUR,313E,R,900,1015
EUR,111,TR,1200,1315
EUR,313E,TR,1500,1615
EUR,313E,TR,1330,1445
EUR,112,M,1500,1615
EUR,111,R,1330,1445
EUR,112,M,1200,1315
EUR,112,TR,1200,1315
EUR,112,TR,1330,1445
EUR,112,TR,900,1015
EUR,315,T,1600,1850
EUR,215,TR,1200,1315
EUR,115,T,1030,1145
EUR,105,T,1030,1145
EUR,101,W,1600,1850
EUR,105,MW,1200,1315
EUR,415,TR,1200,1315
EUR,105,TR,1330,1445
EUR,211,M,1630,1920
EUR,329,M,1700,1950
EUR,113,TR,1500,1615
EUR,113,M,1030,1145
EUR,113,MW,900,950
EUR,309,R,1500,1615
EUR,111,T,1330,1445
EUR,413C,TR,1030,1140
EUR,413C,TR,1500,1615
EUR,114,MW,1500,1615
EUR,309,M,900,950
EUR,309,M,1000,1050
EUR,309,M,1100,1150
EUR,309,M,1500,1550
EUR,320,T,1000,1050
EUR,413C,TR,1330,1445
EUR,113,T,1030,1145
EUR,113,TR,1200,1315
EUR,113,MW,730,845
EUR,105,T,900,1015
EUR,415,T,900,1150
EUR,415,T,900,1150
EUR,415,T,900,1150
EUR,309,W,900,1150
EUR,104,W,900,1150
EUR,413C,W,1300,1550
EUR,105,M,900,1150
EUR,101,M,1600,1850
EUR,109,M,1600,1715
EUR,108,W,1600,1715
EUR,102,MTWR,1500,1550
EUR,103,TR,1330,1420
EUR,103,MW,1400,1450
EUR,102,MW,1000,1050
EUR,102,TR,1030,1145
EUR,102,MW,1400,1450
EUR,102,TR,1330,1445
EUR,102,MTWR,800,850
EUR,103,MTWR,900,950
EUR,102,MW,1200,1315
EUR,105,TR,1200,1250
EUR,109,TR,900,1015
EUR,114,MW,800,850
EUR,108,MW,1400,1450
EUR,101,TR,900,950
EUR,108,T,800,950
EUR,108,R,800,950
EUR,103,MW,1000,1050
EUR,103,TR,1030,1120
EUR,211,T,1630,1910
EUR,320,TR,1330,1445
EUR,109,TR,1600,1715
EUR,109,MWF,900,950
EUR,320,T,900,950
EUR,113,R,1030,1120
EUR,109,T,1030,1120
EUR,104,R,1030,1120
EUR,320,MWF,1200,1250
EUR,108,R,1200,1250
EUR,107,MW,1330,1445
EUR,109,R,1200,1250
EUR,101,R,1200,1250
EUR,315,T,1030,1120
EUR,114,TR,800,850
EUR,113,TR,900,950
EUR,112,MW,1030,1145
EUR,107,M,900,1050
EUR,113,W,1015,1215
EUR,113,W,1500,1700
EUR,109,W,1500,1700
EUR,109,M,1000,1300
EUR,107,TR,1030,1145
EUR,107,MW,1200,1315
EUR,107,TR,900,1015
EUR,107,TR,1200,1315
EUR,107,TR,1630,1745
EUR,106,MW,1200,1250
EUR,413C,MW,1200,1250
EUR,114,MWF,1200,1250
EUR,114,TR,1500,1615
EUR,114,TR,900,1015
EUR,114,MW,1000,1050
EUR,114,TR,1030,1145
EUR,114,TR,1330,1445
EUR,115,W,1600,1715
EUR,108,W,830,1120
EUR,108,F,900,1250
EUR,108,F,900,1250
EUR,108,T,1330,1445
EUR,108,T,1030,1145
EUR,108,R,1330,1445
EUR,106,R,900,1015
EUR,104,W,1200,1315
EUR,108,M,1500,1750
EUR,209,W,1500,1750
EUR,104,MW,1330,1445
EUR,102,MTW,900,950
EUR,103,MW,1200,1315
EUR,109,MWF,1300,1350
EUR,108,T,1800,2050
FLS,1049,W,1800,1950
FLS,1051,M,1500,1650
FLS,1051,MW,1200,1315
FLS,1049,MW,1400,1550
FLS,1049,MW,1600,1750
FLS,1049,MW,900,1015
FLS,1049,MW,1200,1315
FLS,1050,MW,900,1015
FLS,2604,MW,1030,1145
FLS,1063,TR,900,1015
FLS,1063,TR,1030,1145
FLS,1050,MW,1030,1145
FLS,1050,MW,1200,1315
FLS,1049,T,1200,1350
FLS,1063,T,1200,1350
FLS,1050,F,900,1150
FLS,1050,TR,900,1015
FLS,1050,TR,1030,1145
FLS,2604,MW,900,1015
FLS,2206B,TR,900,1015
FLS,2604,TR,900,1015
FLS,2604,TR,1030,1145
FLS,2206B,MW,800,850
FLS,2206B,MW,900,1015
FLS,2206B,T,1400,1450
FLS,2604,T,1200,1250
FLS,2206B,TR,1730,1820
FLS,2206B,F,1300,1450
FLS,2206B,T,1200,1250
FLS,2206B,R,1500,1550
FLS,2206B,R,1300,1450
FLS,2204,RF,900,1700
FLS,1051,M,1330,1420
FLS,1051,M,1330,1420
FLS,1051,M,1330,1420
FLS,1051,M,1330,1420
FLS,2604,R,1200,1250
FLS,2604,R,1200,1250
FLS,2604,R,1200,1250
FLS,2604,R,1200,1250
FLS,2204,M,1100,1150
FLS,2204,TR,800,915
FLS,2204,MW,930,1045
FLS,2204,TR,930,1045
FLS,2204,MW,800,915
FLS,1051,W,1100,1150
FLS,1051,MW,930,1045
FLS,1051,M,1100,1150
FLS,1051,MW,800,915
FLS,1051,TR,800,915
FLS,2604,R,1700,1750
FLS,2604,TR,1500,1615
FLS,2204,MW,1800,1915
FLS,2604,T,1700,1750
FLS,1051,TR,1530,1645
FLS,1049,R,1400,1650
FLS,1063,M,800,1100
FLS,1029A,R,900,1200
FLS,1016,W,800,1600
FLS,1017,W,800,1600
FLS,1018,W,800,1600
FLS,1019,W,800,1600
FLS,1020,F,800,1600
FLS,1016,F,800,1600
FLS,1017,F,800,1600
FLS,1018,F,800,1600
FLS,1029A,R,1230,1530
FLS,1063,R,1230,1530
FLS,1029A,M,800,1100
FLS,1049,F,800,1100
FLS,1029A,F,900,1200
FLS,1063,F,1300,1600
FLS,1049,R,800,1150
FLS,1016,R,800,1150
FLS,1029A,W,800,1100
FLS,1029A,W,1200,1600
FLS,1051,S,900,1400
FLS,1056,TR,1330,1450
FLS,1056,TR,1500,1750
FLS,1056,TR,1500,1750
FLS,1049,MW,1030,1150
FLS,1066,M,800,950
FLS,1056,MW,800,850
FLS,1056,MW,800,850
FLS,1059,MW,900,1150
FLS,1059,MW,900,1150
FLS,1066,TR,800,850
FLS,1066,TR,800,850
FLS,1066,TR,900,1150
FLS,1066,TR,900,1150
FLS,1066,T,1300,1350
FLS,1066,T,1400,1700
FLS,1066,T,1400,1700
FLS,1051,F,1000,1130
FLS,1051,TR,1000,1130
FLS,1051,TR,1000,1130
FLS,1051,F,1000,1130
FLS,1056,M,1300,1350
FLS,1056,M,1400,1650
FLS,1056,M,1400,1650
FLS,1056,WF,1300,1350
FLS,1066,W,1400,1650
FLS,1066,W,1400,1650
FLS,1066,F,1400,1650
FLS,1066,F,1400,1650
FLS,1066,R,1330,1530
FLS,1055,F,1430,1630
FLS,1055,T,1530,1730
FLS,1055,M,900,1050
FLS,1062,R,1540,1640
FLS,1056,R,800,850
FLS,1056,R,800,850
FLS,1056,R,900,1150
FLS,1056,R,900,1150
FLS,1056,T,800,850
FLS,1059,T,900,1150
FLS,1059,T,900,1150
FLS,1066,F,1000,1050
FLS,1066,F,1100,1250
FLS,1066,F,1100,1250
FLS,1066,W,900,1250
FLS,1066,W,900,1250
FLS,1066,W,900,1250
FLS,1056,F,800,950
HMB,116,M,1000,1150
HMB,116,M,1300,1450
HMB,116,W,1000,1150
HMB,116,T,1030,1220
HMB,116,T,1330,1520
HMB,202,MW,1500,1615
HMB,202,MWF,1000,1050
HMB,202,TR,1030,1145
HMB,116,TR,800,850
HMB,202,TR,1200,1315
HMB,202,TR,800,850
HMB,202,MW,800,850
HMB,124,TR,900,1015
HMB,124,TR,1030,1145
HMB,202,TR,1500,1550
HMB,109,TR,1330,1445
HMB,202,W,1800,1850
HMB,202,TR,1600,1715
HMB,109,F,1000,1250
HMB,109,F,1300,1550
HMB,202,TR,1500,1550
HMB,109,M,1330,1520
HMB,124,W,1400,1620
HMB,207,W,1330,1620
HMB,207,W,1630,1920
HMB,124,W,1630,1920
HMB,109,MW,1200,1315
HMB,202,W,1200,1315
HMB,202,M,1300,1350
HMB,202,T,1330,1420
HMB,202,TR,1730,1845
HMB,220,M,900,1015
HMB,220,M,1030,1145
HMB,220,W,900,1015
HMB,220,W,1030,1145
HMB,109,TR,1500,1615
HMB,109,T,1200,1250
HMB,202,R,1330,1445
KDM,145,MW,900,1015
KDM,145,MW,1200,1315
KDM,268,MW,800,1050
KDM,268,MW,1600,1850
KDM,268,TR,800,1050
KDM,268,TR,1200,1450
KDM,268,TR,1600,1850
KDM,268,MW,1200,1450
KDM,104,MW,900,1150
KDM,107,MW,900,1150
KDM,104,MW,1300,1550
KDM,107,MW,1300,1550
KDM,131,TR,800,1050
KDM,131,TR,1300,1550
KDM,101,MW,1200,1450
KDM,110,MW,1200,1450
KDM,145A,F,900,1450
KDM,266,F,900,1450
KDM,266,W,1300,1550
KDM,145A,W,1300,1550
KDM,266,TR,1630,1920
KDM,145A,TR,1630,1920
KDM,145,TR,1030,1145
KDM,145,TR,1500,1615
KDM,145,M,1500,1750
KDM,145,TR,900,1015
KDM,110,MW,900,1150
KDM,160,MW,900,1150
KDM,170,MW,1000,1050
KDM,170,MW,1100,1150
KDM,170,TR,900,950
KDM,170,TR,1000,1050
KDM,170,TR,1500,1550
KDM,170,TR,1600,1650
KDM,170,MW,1500,1550
KDM,170,MW,1600,1650
KDM,145A,MW,900,1150
KDM,266,MW,900,1150
KDM,107,MW,1600,1850
KDM,104,MW,1600,1850
KDM,145A,T,1300,1550
KDM,266,T,1300,1550
KDM,266,T,800,1050
KDM,145A,T,800,1050
KDM,170,MW,1200,1250
KDM,170,MW,1300,1350
KDM,104,MW,1600,1850
KDM,107,MW,1600,1850
KDM,131,MW,1500,1750
KDM,101,TR,1600,1850
KDM,110,T,1600,1850
KDM,160,TR,1600,1850
KDM,160,R,800,1050
KDM,110,R,800,1050
KDM,110,R,1700,1950
KDM,266,M,1600,1850
KDM,145A,M,1600,1850
KDM,145A,M,1600,1850
KDM,266,M,1600,1850
KDM,145A,T,1300,1550
KDM,266,T,1300,1550
KDM,145A,T,800,1050
KDM,266,T,800,1050
KDM,264,F,900,1220
KDM,264,F,1300,1620
KDM,264,M,1500,1740
KDM,113,M,1000,1320
KDM,113,W,1000,1320
KDM,113,M,1400,1720
KDM,113,W,1400,1720
KDM,166,M,1000,1320
KDM,166,W,1000,1320
KDM,166,M,1400,1720
KDM,166,W,1400,1720
KDM,113,T,1000,1320
KDM,113,R,1000,1320
KDM,113,T,1400,1720
KDM,113,R,1400,1720
KDM,166,T,1000,1320
KDM,166,R,1000,1320
KDM,166,T,1400,1720
KDM,166,R,1400,1720
KDM,166,F,1000,1450
KDM,145,TR,1330,1445
KDM,264,TR,900,1130
KDM,280,TR,900,1130
KDM,280,TR,1330,1600
KDM,280,F,1200,1700
KDM,264,M,900,1220
KDM,264,W,900,1220
LIB,3021,TR,1030,1145
LIB,3021,TR,1200,1315
LIB,3021,MW,1630,1745
LIB,3021,MW,1800,1915
LIB,3021,TR,900,1015
LIB,3021,MW,1030,1145
LIB,128,TR,1330,1445
LIB,3021,MW,1200,1315
LIB,3021,MW,1330,1445
LIB,3021,MW,1500,1615
LIB,126,T,1030,1120
LIB,53,M,1300,1350
LIB,58B,W,900,1150
LIB,58B,R,1330,1620
LIB,126,M,1330,1445
LIB,53,MW,1400,1450
LIB,53,TR,1400,1450
LIB,3021,MWF,900,950
LIB,127,TR,1030,1145
LIB,126,W,1200,1350
LIB,128,W,1100,1250
LIB,53,T,1200,1315
LIB,126,M,1330,1445
LIB,127,R,1200,1315
LIB,127,M,1100,1150
LIB,128,M,1100,1150
LIB,126,M,1200,1250
LIB,128,M,1200,1250
LIB,127,T,800,850
LIB,127,T,900,950
LIB,126,TR,1200,1315
LIB,127,TR,1500,1615
LIB,58B,T,900,1150
LIB,58B,T,1330,1620
LIB,52B,TR,1200,1315
LIB,58B,M,1330,1620
LIB,58B,R,900,1150
LIB,11,TR,900,1015
LIB,11,TR,1330,1445
LIB,65,MW,1000,1050
LIB,65,TR,1030,1145
LIB,65,R,1500,1615
LIB,65,M,1200,1315
LIB,53,MW,1000,1050
LIB,65,MW,1330,1445
LIB,65,TR,1330,1445
LIB,65,W,1800,2050
LIB,65,T,1500,1750
LIB,65,TR,1200,1315
LIB,65,M,1500,1750
LIB,65,W,1200,1315
LIB,65,T,1800,2050
LIB,65,W,1500,1750
LIB,126,T,1800,2050
LIB,65,M,1800,2050
LIB,126,TR,1500,1615
LIB,126,TR,1330,1445
LIB,128,MW,1500,1615
LIB,126,F,830,945
LIB,126,W,1500,1745
LIB,53,MW,1500,1615
LIB,53,T,900,1015
LIB,53,R,900,1015
LIB,126,MW,1030,1145
LIB,127,T,1200,1250
LIB,127,MWF,1200,1250
LIB,127,MWF,1300,1350
LIB,127,MWF,1400,1450
LIB,127,T,1330,1420
LIB,128,MWF,1300,1350
LIB,3021,TR,1330,1445
LIB,3021,TR,1500,1615
LIB,3021,TR,1630,1745
LIB,128,T,1500,1550
LIB,128,T,1730,2020
LIB,128,F,1000,1050
LIB,128,MW,1000,1050
LIB,128,TR,1030,1145
LIB,128,TR,1200,1315
LIB,128,W,1800,2050
LSN,2300,MW,1100,1150
LSN,2300,T,1200,1350
LSN,2300,TR,900,1015
LSN,2300,M,1200,1315
LSN,2300,TR,1500,1615
MND,2004,MW,1500,1615
MND,1003,F,1300,1350
MND,1005,M,1400,1450
MND,4011,MW,1500,1615
MND,3011,MW,1330,1445
MND,3011,MW,1200,1315
MND,3011,MW,1500,1615
MND,3011,TR,1030,1145
MND,3011,TR,1200,1315
MND,3011,TR,1330,1445
MND,3011,MW,900,950
MND,3011,MW,1000,1050
MND,3011,TR,900,1015
MND,4008,TR,900,1015
MND,3011,MW,1630,1745
MND,3011,MW,1800,1915
MND,4009,TR,1200,1315
MND,1005,TR,1500,1615
MND,4008,MW,1200,1315
MND,3011,TR,1500,1615
MND,4008,TR,1030,1145
MND,4008,TR,1200,1315
MND,4011,MW,900,1145
MND,4008,MW,1330,1445
MND,4008,TR,1330,1445
MND,4008,MW,900,1015
MND,4008,TR,1500,1615
MND,4008,TR,1730,1845
MND,1032,T,1730,2020
MND,4008,F,1530,1820
MND,4008,TR,1330,1445
MND,4009,T,1500,1600
MND,4005,W,1730,2020
MND,1024,MW,1630,1745
MND,3013,TR,900,1015
MND,1024,MWF,1100,1150
MND,1003,MW,730,845
MND,1032,MW,1200,1250
MND,1032,TR,1200,1250
MND,4000,MW,1100,1150
MND,1020,MW,1200,1315
MND,3013,TR,1330,1445
MND,4008,MW,1100,1150
MND,3011,TR,1630,1745
MND,3007,TR,1630,1745
MND,1005,MWF,900,950
MND,1005,TR,1330,1445
MND,1005,MWF,800,850
MND,1005,TR,730,845
MND,1005,MWF,1300,1350
MND,1024,T,900,950
MND,3013,W,1730,2000
MND,1003,MW,1330,1445
MND,2032,M,800,850
MND,2032,W,800,850
MND,2032,F,800,850
MND,1030,M,900,950
MND,2032,W,900,950
MND,2032,F,900,950
MND,2032,M,1000,1050
MND,2032,W,1000,1050
MND,2032,F,1000,1050
MND,2032,M,1100,1150
MND,2032,W,1100,1150
MND,2032,F,1100,1150
MND,2032,M,1200,1250
MND,2032,W,1200,1250
MND,2032,F,1200,1250
MND,2032,M,1300,1350
MND,2032,F,1300,1350
MND,2032,M,1400,1450
MND,2032,W,1400,1450
MND,2032,F,1400,1450
MND,4000,TR,1030,1145
MND,4000,MW,1500,1615
MND,4000,TR,730,845
MND,1026,TR,1330,1445
MND,1024,TR,1200,1315
MND,1030,R,1800,2050
MND,1030,T,730,845
MND,1030,R,730,845
MND,1030,T,900,1015
MND,1030,R,900,1015
MND,1030,R,1030,1145
MND,1030,T,1200,1315
MND,1030,R,1200,1315
MND,1030,T,1330,1445
MND,1030,R,1330,1445
MND,1030,T,1500,1615
MND,1030,R,1500,1615
MND,4000,T,1330,1445
MND,4000,R,1330,1445
MND,1026,TR,1500,1615
MND,1026,T,1800,2050
MND,4000,MWF,1000,1050
MND,1020,MWF,1100,1150
MND,1003,TR,1330,1445
MND,2032,TR,1200,1315
MND,1030,W,1500,1615
MND,1030,W,1330,1445
MND,1026,TR,1030,1145
MND,1003,TR,1500,1615
MND,3002,TR,1500,1745
MND,3003,TR,1500,1745
MND,2032,TR,1500,1745
MND,1022,MW,1200,1315
MND,1022,MW,1100,1150
MND,1022,TR,900,1015
MND,1026,TR,1200,1315
MND,3006,M,1800,2050
MND,4000,MW,1200,1315
MND,4004,MW,1200,1315
MND,1022,MW,1500,1615
MND,3006,R,1800,2150
MND,2032,TR,900,1015
MND,2003,MW,1330,1445
MND,1026,MW,1200,1315
MND,1026,MW,1330,1445
MND,1022,TR,1200,1315
MND,1020,MW,1000,1050
MND,1020,MW,1500,1615
MND,4000,MW,1330,1445
MND,1026,R,1800,2050
MND,1030,M,1730,2020
MND,1030,W,1800,2050
MND,4005,T,1730,2020
MND,3007,M,1600,1850
MND,4005,R,1600,1850
MND,4005,R,1600,1850
MND,3013,MW,1500,1615
MND,1022,F,1600,1850
MND,2004,TR,1200,1315
MND,2009,M,1200,1315
MND,2009,W,1500,1615
MND,4008,M,730,845
MND,3007,TR,1330,1445
MND,3007,R,1500,1615
MND,3007,T,1500,1615
MND,1030,M,1000,1050
MND,1030,M,1630,1720
MND,2032,T,800,850
MND,4005,T,1200,1250
MND,4005,T,1330,1420
MND,4007,MW,1200,1315
MND,4007,MW,1330,1445
MND,4007,MW,1500,1615
MND,4007,MW,1630,1745
MND,1022,MW,1630,1745
MND,4007,MWF,800,850
MND,4007,MWF,900,950
MND,4007,MWF,1000,1050
MND,1024,MWF,1000,1050
MND,4007,TR,1030,1145
MND,4007,TR,1200,1315
MND,4007,TR,1330,1445
MND,4007,TR,1500,1615
MND,1028,MW,1200,1315
MND,1028,MW,1500,1615
MND,1028,MW,1630,1745
MND,1030,MWF,800,850
MND,1028,MWF,1000,1050
MND,1028,MWF,1100,1150
MND,1028,TR,900,1015
MND,1028,TR,1030,1145
MND,1028,TR,1200,1315
MND,1028,TR,1330,1445
MND,1028,TR,1500,1615
MND,3013,MW,1330,1445
MND,4007,TR,1630,1745
MND,1028,MW,1800,1915
MND,1015,MW,1100,1150
MND,1020,F,1630,1920
MND,4000,TR,1500,1615
MND,1022,TR,1330,1445
MND,4004,MW,900,950
MND,3006,M,1200,1315
MND,3006,W,1200,1315
MND,3006,W,1330,1445
MND,3006,M,1500,1615
MND,3006,M,1630,1745
MND,3006,W,1500,1615
MND,3006,T,1800,2050
MND,3006,W,900,1150
MND,3006,R,1330,1620
MND,2007,MW,1200,1315
MND,2007,MW,1330,1445
MND,2009,TR,730,845
MND,2008,MW,1200,1250
MND,2008,MW,1250,1405
MND,2008,MW,1500,1550
MND,2008,MW,1550,1705
MND,2008,TR,1200,1250
MND,2008,TR,1250,1405
MND,2008,MW,1200,1250
MND,2008,MW,1250,1405
MND,2008,MW,1500,1550
MND,2008,MW,1550,1705
MND,2008,TR,1200,1250
MND,2008,TR,1250,1405
MND,1005,MW,1630,1745
MND,1005,MW,1500,1615
MND,1003,MW,900,950
MND,1005,MW,1000,1050
MND,1005,MW,1100,1150
MND,1005,TR,1030,1145
MND,1003,TR,1200,1315
MND,1003,TR,1030,1145
MND,1003,MW,1200,1315
MND,1003,MWF,1100,1150
MND,1005,TR,1200,1315
MND,4004,TR,1330,1445
MND,2009,M,1500,1615
MND,1024,TR,1500,1615
MND,1020,W,1730,2020
MND,2009,MW,1330,1445
MND,2009,TR,1330,1445
MND,2009,MW,1000,1050
MND,1024,TR,1030,1145
MND,1020,R,1730,2020
MND,1020,M,1730,2020
MND,1024,T,1730,2020
MND,1020,R,1730,2020
MND,4000,MWF,800,850
MND,4000,MWF,900,950
MND,3003,MW,900,1015
MND,4004,TR,1200,1315
MND,3002,TR,1030,1145
MND,1003,TR,1330,1445
MND,1022,TR,900,1015
MND,1026,TR,1200,1315
MND,1020,TR,1330,1445
MND,3003,T,1200,1315
MND,3003,R,1200,1315
MND,1026,M,900,1150
MND,1026,W,900,1150
MND,3003,MW,1200,1315
MND,4004,TR,900,1015
MND,1022,MW,1500,1615
MND,1020,MW,1330,1445
MND,1022,T,1030,1120
MND,4000,T,1200,1250
MND,1024,MW,1200,1315
MND,1005,MWF,1200,1250
MND,1022,R,1030,1120
MND,4005,T,1030,1145
MND,1030,M,1330,1445
MND,2004,MW,1200,1315
MND,2004,MW,1330,1445
MND,2003,TR,1200,1315
MND,2003,MW,1800,1915
MND,2004,MW,1630,1745
MND,2004,TR,1030,1145
MND,1032,MW,1500,1550
MND,1032,TR,1330,1420
MND,4003,MW,1200,1250
MND,1032,TR,1030,1120
MND,3009,MW,1000,1050
MND,3007,MW,1000,1050
MND,1032,TR,1500,1550
MND,3007,MW,1100,1150
MND,4005,MW,1400,1450
MND,3007,TR,1200,1250
MND,3007,TR,900,950
MND,3007,MW,1200,1250
MND,1032,TR,900,950
MND,1032,MW,900,950
MND,1030,W,1000,1050
MND,1030,W,1100,1150
MND,1005,TR,900,1015
MND,3013,TR,1200,1315
MND,3009,TR,1030,1145
MND,3013,MWF,900,950
MND,1003,M,1500,1615
MND,3009,MW,1100,1150
MND,1003,MWF,1000,1050
MND,3009,MW,900,950
MND,3009,MW,1200,1315
MND,3009,TR,1330,1445
MND,3009,TR,900,1015
MND,3009,TR,1500,1615
MND,3009,W,1630,1745
MND,3009,F,1100,1150
MND,1015,MW,1400,1450
MND,1015,MW,800,850
MND,1015,MW,1600,1650
MND,1015,TR,800,850
MND,1015,MW,1000,1050
MND,1015,MW,1200,1250
MND,1015,F,1200,1250
MND,1015,TR,900,950
MND,1015,TR,950,1015
MND,1015,TR,1030,1120
MND,1015,TR,1120,1145
MND,1015,TR,1330,1420
MND,1015,TR,1420,1445
MND,1015,MW,900,950
MND,1015,F,900,950
MND,1015,TR,1200,1250
MND,1015,TR,1250,1315
MND,1024,MWF,900,950
MND,1032,MWF,1100,1150
MND,4000,TR,900,1015
MND,1015,TR,1600,1720
MND,1015,M,1900,2150
MND,3013,TR,900,1015
MND,4000,R,1200,1315
MND,1022,MW,1330,1445
MND,4005,TR,900,1015
MND,4005,F,1200,1350
MND,1032,F,1200,1350
MND,1024,TR,1330,1445
MND,1003,M,1800,2050
MRP,4000A,TR,900,1130
MRP,4000E,TR,900,1130
MRP,1009,MW,900,1100
MRP,1009,MW,1600,1800
MRP,4000A,M,900,1150
MRP,4000A,W,900,1150
MRP,4000B,M,1230,1530
MRP,4000B,W,1230,1530
MRP,4000A,M,1230,1530
MRP,4000A,W,1230,1530
MRP,1009,MW,1230,1430
MRP,1009,TR,900,1050
MRP,1009,TR,1530,1730
MRP,1010,MW,1500,1615
MRP,4000A,R,1230,1550
MRP,1000,TR,1200,1315
MRP,1007,F,900,1450
MRP,1007,W,1300,1550
MRP,1007,TR,1630,1920
MRP,1007,MW,900,1150
MRP,1007,T,1300,1550
MRP,1007,T,800,1050
MRP,1007,M,1600,1850
MRP,1007,M,1600,1850
MRP,1001,TR,1030,1145
MRP,1000,MWF,900,950
MRP,2032,MTWR,1000,1050
MRP,2032,MTWR,900,950
MRP,1002,TR,1330,1445
MRP,1000,TR,1330,1445
MRP,1007,T,1300,1550
MRP,1007,T,800,1050
MRP,1014,TR,1200,1315
MRP,1003,T,1200,1520
MRP,1003,R,1200,1520
MRP,1000,MWF,1000,1050
MRP,1001,MW,1200,1315
MRP,1001,M,1730,2020
MRP,1001,MWF,1000,1050
MRP,1001,MWF,1100,1150
MRP,1001,MW,1330,1445
MRP,1001,MW,1500,1615
MRP,1001,TR,900,1015
MRP,1001,TR,1200,1315
MRP,1001,TR,1330,1445
MRP,1011,MW,1500,1615
MRP,1016,MW,1330,1445
MRP,1011,TR,900,1015
MRP,1011,TR,1030,1145
MRP,1011,TR,1500,1615
MRP,1011,W,1730,2020
MRP,1001,TR,1500,1615
MRP,1011,R,1730,2020
MRP,1014,T,1500,1615
MRP,1014,T,1630,1745
MRP,1012,T,1500,1615
MRP,1002,T,1100,1150
MRP,1010,TR,900,1015
MRP,1016,MWF,900,950
MRP,1010,MWF,900,950
MRP,1010,MWF,1100,1150
MRP,1010,MWF,1000,1050
MRP,1010,MW,1630,1745
MRP,2030,MWF,900,950
MRP,1010,MW,1330,1445
MRP,1010,TR,1200,1315
MRP,1010,TR,1630,1745
MRP,1010,W,1830,2120
MRP,1002,MW,1630,1745
MRP,1010,TR,1330,1445
MRP,1011,MW,1200,1315
MRP,1012,TR,1330,1445
MRP,1012,TR,900,1015
MRP,1012,MW,1330,1445
MRP,3030,MW,1030,1145
MRP,3030,TR,1330,1620
MRP,3030,TR,1200,1315
MRP,3030,MW,1200,1315
MRP,3030,MW,1330,1445
MRP,2005,MTWR,900,950
MRP,1002,MW,1100,1150
MRP,2005,MW,1000,1050
MRP,2005,TR,1030,1120
MRP,2032,MW,1300,1450
MRP,1012,TR,1200,1315
MRP,1012,MW,1500,1615
MRP,1012,MW,1030,1145
MRP,1012,R,1500,1615
MRP,1012,R,1630,1920
MRP,1012,W,1630,1820
MRP,1000,MW,730,845
MRP,1003,M,1000,1150
MRP,1003,W,1000,1150
MRP,1003,M,1230,1420
MRP,1003,W,1230,1420
MRP,1003,T,800,950
MRP,1003,R,800,950
MRP,1003,T,1000,1150
MRP,1003,R,1000,1150
MRP,1000,MW,1630,1745
MRP,1000,TR,900,1015
MRP,1000,MW,1200,1315
MRP,1000,TR,1500,1615
MRP,1000,TR,1630,1745
MRP,1000,MW,1330,1445
MRP,4000A,F,1000,1450
MRP,4000B,F,1000,1450
MRP,4000B,M,900,1200
MRP,4000B,W,900,1200
MRP,4000B,T,1230,1530
MRP,4000B,R,1230,1530
MRP,4000A,W,1230,1530
MRP,4000A,MW,1530,1800
MRP,4000B,MW,1530,1800
MRP,4000A,T,1230,1600
MRP,2032,MTWR,1200,1250
MRP,2030,TR,800,915
MRP,2030,MW,800,850
MRP,2030,M,1330,1445
MRP,1014,MW,730,845
MRP,1016,MW,1200,1315
MRP,1014,TR,900,1015
MRP,1010,MW,1200,1315
MRP,1014,MW,900,1015
MRP,2030,TR,1600,1650
MRP,1002,M,1200,1315
MRP,1001,T,1630,1745
MRP,1000,MW,1500,1615
MRP,3007,T,800,1000
MRP,3007,T,1000,1150
MRP,3007,R,800,1000
MRP,3007,R,1000,1150
MRP,3001,TR,1330,1445
MRP,3001,T,1445,1735
MRP,3001,R,1445,1735
MRP,3001,TR,1200,1315
MRP,3001,MW,1330,1445
MRP,3001,W,1030,1220
MRP,3001,TR,900,1015
MRP,3001,TR,1030,1145
MRP,3001,M,1030,1320
MRP,3007,M,900,1150
MRP,3001,M,1500,1750
MRP,3007,M,1600,1850
MRP,3007,M,1200,1500
MRP,3007,M,1200,1500
MRP,1000,T,1030,1145
MRP,1000,R,1030,1145
MRP,1005,M,1300,1440
MRP,1005,W,1300,1440
MRP,1005,M,1500,1640
MRP,1005,W,1500,1640
MRP,1005,TR,900,1130
MRP,1005,TR,1330,1600
MRP,1011,TR,1200,1315
MRP,1011,TR,1330,1445
MRP,1014,R,1030,1145
MRP,1014,M,1200,1315
MRP,1014,W,1200,1315
MRP,1016,R,1200,1315
MRP,1002,MW,1330,1445
MRP,2030,TR,1330,1445
MRP,2030,MTW,1000,1050
MRP,1002,MTW,1500,1550
MRP,2005,MTWR,1200,1250
MRP,2030,TWR,1500,1550
MRP,1002,TWR,1200,1250
MRP,2005,MW,1330,1445
MRP,2030,TR,1200,1315
MRP,1002,TR,1630,1745
MRP,2005,W,1800,2050
MRP,2005,M,1800,2050
MRP,1000,MWF,1100,1150
MRP,2030,MWF,1200,1250
MRP,1014,TR,1330,1445
MRP,1014,TR,1800,1915
MRP,1016,T,1800,2050
MRP,1014,MW,1330,1445
MRP,1014,MW,1600,1715
MRP,1013,T,1500,1615
MRP,1016,TR,1030,1145
MRP,1016,TR,900,1015
MRP,1014,F,1500,1750
MRP,1016,M,1800,2050
MRP,1016,M,1500,1750
MRP,1016,R,1800,2050
MRP,1016,F,1500,1750
MRP,1014,M,1800,2050
MRP,1014,R,1500,1750
MRP,5002,T,1200,1450
MRP,5002,W,1800,2050
MRP,5002,T,900,1150
MRP,5002,M,900,1150
MRP,5002,T,1800,2050
MRP,5002,W,900,1150
MRP,5002,W,1200,1450
MRP,5002,R,1200,1450
MRP,5002,M,1500,1750
MRP,5002,M,1200,1450
MRP,5002,F,900,1150
MRP,1002,F,900,1150
MRP,5002,F,1400,1550
OFF,CAMPUS,F,800,1400
OFF,CAMPUS,MWF,700,1800
OFF,CAMPUS,MTWRF,700,1800
OUT,FIELDS,F,800,1050
OUT,FIELDS,MW,1000,1050
OUT,WTENN,MW,1000,1050
OUT,ETENN,MW,1000,1050
OUT,FIELDS,MW,1100,1150
OUT,ETENN,MW,1100,1150
OUT,WTENN,MW,1100,1150
OUT,FIELDS,TR,800,850
OUT,FIELDS,TR,900,950
OUT,FIELDS,MW,1200,1250
OUT,HBCRTS,MW,1200,1250
OUT,FIELDS,MW,1300,1350
OUT,HBCRTS,MW,1300,1350
PLR,1013,R,1030,1320
PLR,1006,MW,900,1015
PLR,1006,M,1430,1720
PLR,1006,MW,1300,1415
PLR,1006,W,1430,1720
PLR,1002,F,900,950
PLR,1002,F,1000,1250
PLR,1002,MW,1300,1415
PLR,1002,M,1430,1720
PLR,1013,MW,1030,1145
PLR,1013,TR,900,1015
PLR,1013,T,1330,1620
PLR,1013,T,1730,2020
PLR,1013,W,1730,2020
RVR,1015,TR,1630,1745
RVR,1010,MW,1500,1615
RVR,1012,F,1100,1350
RVR,1010,F,1400,1650
RVR,1010,MW,1030,1145
RVR,1006,TR,1800,1915
RVR,4033,T,1330,1620
RVR,4033,W,1330,1620
RVR,4033,F,1000,1250
RVR,1012,TR,1030,1145
RVR,1012,MW,1030,1145
RVR,1010,MW,1200,1315
RVR,1002,MW,900,1015
RVR,1012,TR,730,845
RVR,2010,MW,1800,1915
RVR,1010,MW,730,845
RVR,1008,MW,1330,1445
RVR,4003,T,800,940
RVR,1008,W,1100,1150
RVR,4003,F,1200,1450
RVR,4003,F,900,1150
RVR,4003,M,1000,1250
RVR,4003,R,1000,1250
RVR,1004,TR,1300,1350
RVR,4003,T,1730,2020
RVR,1010,MW,900,1015
RVR,1010,TR,730,845
RVR,2010,TR,900,1015
RVR,4003,MW,1600,1715
RVR,1004,F,730,1020
RVR,1006,M,1500,1615
RVR,1008,W,1200,1315
RVR,1002,W,1330,1445
RVR,3005,W,900,1140
RVR,3005,T,1500,1740
RVR,3005,F,1000,1240
RVR,3005,M,900,1040
RVR,3001,TR,1200,1250
RVR,1015,MW,1600,1715
RVR,3017,W,1800,2040
RVR,1006,T,1630,1745
RVR,3009,M,1800,2040
RVR,3009,T,1800,2040
RVR,3009,R,1800,2040
RVR,3001,F,1000,1050
RVR,3001,R,1800,2040
RVR,3001,F,1800,2040
RVR,3001,F,1100,1150
RVR,3001,F,1200,1440
RVR,3009,W,1000,1050
RVR,3009,W,1100,1340
RVR,1013,W,1510,1650
RVR,2013,T,1000,1140
RVR,2013,R,1000,1140
RVR,5029,TR,1030,1120
RVR,2001,R,1130,1310
RVR,2013,M,1200,1340
RVR,2013,W,1200,1340
RVR,2013,T,1310,1450
RVR,2013,R,1310,1450
RVR,5029,TR,1030,1120
RVR,5029,T,1130,1310
RVR,2013,F,900,1040
RVR,2009,F,1100,1240
RVR,2013,F,1100,1240
RVR,2013,F,1400,1540
RVR,2013,W,1000,1140
RVR,2001,F,1300,1440
RVR,2001,F,1500,1640
RVR,1013,F,1100,1240
RVR,1013,F,1400,1540
RVR,2001,MW,1200,1250
RVR,2003,MW,1400,1450
RVR,2003,MW,1500,1550
RVR,5029,M,1000,1140
RVR,5029,W,1000,1140
RVR,1013,W,1000,1140
RVR,5029,M,1500,1640
RVR,5029,W,1500,1640
RVR,2013,M,1500,1640
RVR,2013,W,1500,1640
RVR,2013,M,1000,1140
RVR,2001,W,1000,1140
RVR,5029,MW,1200,1250
RVR,2003,TR,1400,1450
RVR,2013,TR,1200,1250
RVR,2009,MW,1400,1450
RVR,1002,TR,1200,1315
RVR,5029,TR,1330,1445
RVR,1002,MW,1200,1315
RVR,1008,TR,1200,1250
RVR,2009,T,1310,1450
RVR,2001,R,1310,1450
RVR,2009,M,1000,1140
RVR,2009,W,1000,1140
RVR,1013,M,1400,1540
RVR,2001,M,1500,1640
RVR,2009,W,1500,1640
RVR,2001,W,1400,1540
RVR,1002,TR,1330,1445
RVR,1002,TR,1500,1615
RVR,1002,TR,1030,1145
RVR,1013,TR,900,1015
RVR,1013,TR,1330,1445
RVR,1013,TR,1600,1715
RVR,1013,MWF,1300,1350
RVR,2009,TR,1030,1145
RVR,1013,TR,1200,1315
RVR,1008,TR,1030,1145
RVR,1006,TR,1500,1615
RVR,1002,TR,1630,1745
RVR,1006,TR,1200,1315
RVR,1015,MW,1600,1715
RVR,1008,TR,1330,1445
RVR,1006,MWF,1300,1350
RVR,1002,TR,900,1015
RVR,1013,TR,1030,1145
RVR,2010,TR,1600,1715
RVR,1008,MW,1700,1815
RVR,2010,TR,1030,1145
RVR,2009,TR,900,1015
RVR,1006,M,1500,1615
RVR,1008,W,1200,1315
RVR,1002,W,1330,1445
RVR,3005,W,900,1140
RVR,3005,T,1500,1740
RVR,3005,F,1000,1240
RVR,3005,M,900,1040
RVR,3005,F,1300,1540
RVR,3001,TR,1200,1250
RVR,5017,W,1200,1440
RVR,5017,W,1500,1740
RVR,5017,W,1800,2040
RVR,5017,W,900,1140
RVR,3009,TR,730,845
RVR,5017,T,1800,2040
RVR,3017,W,1100,1340
RVR,3017,F,1200,1440
RVR,3017,M,900,1140
RVR,5017,R,1200,1440
RVR,3017,F,900,1140
RVR,3017,F,1500,1740
RVR,2010,WF,900,1015
RVR,5017,F,1530,1810
RVR,1004,W,1200,1315
RVR,1008,M,1200,1315
RVR,3001,TR,1030,1145
RVR,3017,T,1630,1910
RVR,3017,T,1200,1440
RVR,3017,M,1630,1910
RVR,3017,R,1200,1440
RVR,1006,T,1630,1745
RVR,3009,M,1800,2040
RVR,3009,T,1800,2040
RVR,3009,R,1800,2040
RVR,1010,R,900,1015
RVR,5017,M,1000,1240
RVR,1008,R,1500,1615
RVR,4005,W,1300,1540
RVR,4005,W,1000,1240
RVR,1002,F,1000,1050
RVR,3015,F,1800,2040
RVR,1002,F,1100,1150
RVR,3015,F,1200,1440
RVR,3001,F,1000,1050
RVR,3001,R,1800,2040
RVR,3001,F,1800,2040
RVR,3001,F,1100,1150
RVR,3001,F,1200,1440
RVR,3009,W,1000,1050
RVR,3009,W,1100,1340
RVR,1008,R,1500,1615
RVR,3009,TR,900,1015
RVR,1006,MW,1700,1815
RVR,2010,W,1200,1315
RVR,1004,F,1500,1745
RVR,3017,W,1800,2040
RVR,1002,M,1330,1445
RVR,1002,T,1800,1915
RVR,2010,MW,1330,1445
RVR,1002,F,900,950
RVR,4001,MW,930,1020
RVR,4001,MW,1030,1145
RVR,1003,M,1730,2020
RVR,1003,M,1400,1645
RVR,1003,T,730,1015
RVR,1003,W,800,1045
RVR,1003,W,1100,1345
RVR,1003,R,1030,1315
RVR,1003,F,800,1045
RVR,1003,F,1400,1645
RVR,1004,TR,1400,1515
RVR,1004,TR,1530,1645
RVR,1010,T,900,1015
RVR,1004,MW,900,1015
RVR,1002,MW,1630,1745
RVR,1010,W,1630,1810
RVR,1010,R,1630,1810
RVR,1004,TR,1700,1815
RVR,1015,T,1500,1615
RVR,1015,MW,900,950
RVR,1010,TR,1330,1445
RVR,1008,MWF,1000,1050
RVR,1006,R,1330,1420
RVR,2010,MWF,1100,1150
RVR,1006,T,1330,1420
RVR,2010,T,1330,1420
RVR,1006,MWF,1400,1450
RVR,2010,TR,1200,1315
RVR,1006,MWF,900,950
RVR,1015,MW,800,850
RVR,1015,TR,800,850
RVR,4001,T,1330,1420
RVR,4001,T,1430,1720
RVR,4001,W,1330,1420
RVR,4001,W,1430,1720
RVR,4001,R,1330,1420
RVR,4001,R,1430,1720
RVR,4001,T,1730,1930
RVR,4001,T,1945,2145
RVR,4001,R,1730,1930
RVR,1004,MW,1500,1550
RVR,1004,MW,1700,1750
RVR,1004,MW,1600,1650
RVR,1004,TR,1000,1115
RVR,1004,TR,1130,1245
RVR,4001,TR,800,850
RVR,4001,TR,900,1015
RVR,4001,TR,1030,1145
RVR,1003,T,1030,1315
RVR,1003,T,1730,2020
RVR,1003,R,1730,2020
RVR,1003,F,1100,1350
RVR,1015,MW,1100,1150
RVR,1015,TR,1100,1150
RVR,4001,M,1200,1450
RVR,1015,MW,1200,1315
RVR,1015,W,1330,1445
RVR,1015,R,1500,1615
RVR,1006,MWF,1200,1250
SHS,240,MW,1200,1315
SHS,240,TR,1200,1315
SHS,240,TR,1200,1315
SHS,145,MW,1730,1920
SHS,143,MW,1500,1650
SHS,250,MW,1500,1615
SHS,132,MW,1630,1655
SHS,132,MW,1655,1745
SHS,132,MW,1500,1525
SHS,132,MW,1525,1615
SHS,132,TR,1330,1355
SHS,132,TR,1355,1445
SHS,132,MW,900,925
SHS,132,MW,925,1015
SHS,132,TR,1330,1355
SHS,132,TR,1355,1445
SHS,132,MW,900,925
SHS,132,MW,925,1015
SHS,240,TR,1330,1445
SHS,240,TR,1500,1615
SHS,132,MW,1200,1250
SHS,132,MW,1300,1350
SHS,250,TR,1200,1315
SHS,254,TR,1200,1315
SHS,254,TR,1330,1445
SHS,254,MW,1330,1445
SHS,254,MW,1500,1615
SHS,254,MWF,1100,1150
SHS,254,T,1800,2050
SHS,254,MW,1200,1315
SHS,254,R,1630,1920
SHS,264,W,1400,1650
SHS,264,W,1400,1650
SHS,240,MWF,800,850
SHS,250,R,1330,1420
SHS,250,R,1030,1120
SHS,250,MWF,1100,1150
SHS,264,T,1330,1420
SHS,145,MWF,1200,1250
SHS,250,MWF,1200,1250
SHS,145,TR,1030,1145
SHS,250,MWF,1300,1350
SHS,145,TR,1200,1315
SHS,143,TR,1500,1615
SHS,254,MWF,900,950
SHS,143,MWF,1000,1050
SHS,143,MWF,1200,1250
SHS,143,MWF,1300,1350
SHS,143,MWF,1400,1450
SHS,143,TR,900,1015
SHS,143,TR,1030,1145
SHS,143,TR,1330,1445
SHS,145,MWF,900,950
SHS,145,MWF,1100,1150
SHS,145,MWF,1300,1350
SHS,145,TR,1330,1445
SHS,145,MWF,1000,1050
SHS,250,T,800,850
SHS,250,MWF,800,850
SHS,250,MWF,900,950
SHS,250,T,900,950
SHS,250,T,1030,1120
SHS,250,MWF,1000,1050
SHS,250,MWF,1400,1450
SHS,250,T,1330,1420
SHS,240,MWF,1100,1150
SHS,254,MWF,1000,1050
SHS,240,MW,1330,1445
SHS,145,MW,1500,1615
SHS,145,MWF,800,850
SHS,264,W,1800,2050
SHS,113,MW,1200,1315
SHS,113,MWF,1100,1150
SHS,240,MW,1500,1640
SHS,113,MW,1330,1430
SHS,113,TR,1330,1445
SHS,249,MW,1200,1340
SHS,300,T,900,1040
SHS,300,R,900,1040
SHS,300,M,900,1040
SHS,300,W,900,1040
SHS,101,T,1100,1240
SHS,101,R,1100,1240
SHS,132,TR,1000,1140
SHS,249,TR,1500,1640
SHS,249,T,1300,1440
SHS,249,R,1300,1440
SHS,101,TR,1500,1615
SHS,113,T,1800,2050
SHS,113,T,1500,1750
SHS,113,M,1800,2050
SHS,300,M,1200,1340
SHS,300,W,1200,1340
SHS,240,TR,900,1015
SHS,249,W,1400,1650
SLN,2001,T,1330,1620
SLN,2001,W,1300,1550
SLN,2001,R,1330,1620
SLN,2001,M,1300,1550
SLN,2001,T,1030,1320
SLN,2001,R,1030,1320
SLN,2001,M,900,1150
SLN,2001,W,900,1150
SLN,2001,F,900,1150
SLN,2001,T,1630,1920
SLN,2001,W,1600,1850
SLN,2001,R,1630,1920
SLN,2003,M,900,1150
SLN,2003,M,1300,1550
SLN,2003,W,900,1150
SLN,2003,W,1300,1550
SLN,2003,R,730,1020
SLN,2003,T,730,1020
SLN,2003,T,1330,1620
SLN,2003,R,1330,1620
SLN,2003,T,1030,1320
SLN,2003,R,1030,1320
SLN,2003,M,1600,1850
SLN,2003,W,1600,1850
SLN,2004,MWF,1200,1250
SLN,2002,MW,900,950
SLN,2002,MW,1000,1050
SLN,2002,MW,1100,1150
SLN,2002,MW,1200,1250
SLN,2002,TR,1330,1445
SLN,2002,TR,1030,1145
SLN,2002,TR,1200,1315
SLN,2002,F,1300,1700
SLN,1010,TR,1200,1225
SLN,1010,TR,1225,1315
SLN,1010,TR,1330,1355
SLN,1010,TR,1355,1445
SLN,1010,MW,900,925
SLN,1010,MW,925,1015
SLN,1010,TR,1200,1225
SLN,1010,TR,1225,1315
SLN,1010,TR,1330,1355
SLN,1010,TR,1355,1445
SLN,1010,MW,900,925
SLN,1010,MW,925,1015
SLN,1010,MW,1200,1225
SLN,1010,MW,1225,1315
SLN,1010,MW,1330,1355
SLN,1010,MW,1355,1445
SLN,1010,MW,1100,1150
SLN,1010,F,1100,1150
SLN,1010,F,900,1040
SLN,1010,TR,900,925
SLN,1010,TR,930,1050
SLN,2002,MW,1630,1745
SLN,2002,TR,1600,1715
SLN,4008,TR,1330,1445
SLN,2000,MW,1100,1150
SLN,3018,TR,900,925
SLN,1020,TR,900,925
SLN,3018,TR,930,1015
SLN,1020,TR,930,1015
SLN,1020,TR,730,755
SLN,1000,TR,1330,1445
SLN,1000,TR,1200,1315
SLN,2000,TR,1200,1315
SLN,1000,MW,1100,1150
SLN,3018,MW,1000,1050
SLN,3018,MW,1100,1150
SLN,1020,MW,1100,1125
SLN,1020,MW,1125,1215
SLN,1000,MW,1200,1250
SLN,1000,MW,1300,1350
SLN,2022,M,1500,1720
SLN,2022,W,1500,1720
SLN,2022,T,1330,1550
SLN,2022,R,1330,1550
SLN,3018,TR,1030,1120
SLN,2022,F,900,1120
SLN,2022,F,1130,1350
SLN,1030,T,800,1020
SLN,1030,R,800,1020
SLN,1030,M,1030,1300
SLN,1030,W,1030,1300
SLN,2000,MW,900,950
SLN,1030,M,1400,1620
SLN,1030,W,1400,1620
SLN,2000,MW,1000,1050
SLN,1030,T,1100,1320
SLN,1030,R,1100,1320
SLN,1030,T,1700,1920
SLN,1030,R,1700,1920
SLN,2022,T,1030,1300
SLN,2022,R,1030,1300
SLN,2022,M,1030,1300
SLN,2022,W,1030,1300
SLN,3018,M,730,845
SLN,3018,W,730,845
SLN,3018,M,1330,1445
SLN,3018,W,1330,1445
SLN,3018,T,1730,1850
SLN,3018,T,1900,2020
SLN,3018,T,730,845
SLN,3018,R,730,845
SLN,3018,TR,1200,1315
SLN,3018,TR,1330,1445
SLN,1000,M,1730,2020
SLN,3016,M,900,1130
SLN,3016,W,900,1130
SLN,3016,M,1500,1730
SLN,3016,W,1500,1730
SLN,3016,T,1600,1830
SLN,3016,R,1500,1730
SLN,3016,T,1030,1300
SLN,3016,R,1030,1300
SLN,4015,M,1100,1320
SLN,4015,W,1100,1320
SLN,4015,M,1400,1620
SLN,4015,W,1400,1620
SLN,4008,TR,1200,1250
SLN,3008,TR,1200,1250
SLN,4008,MW,1200,1250
SLN,3001,TR,1200,1315
SLN,2004,TR,1330,1445
SLN,2004,W,1800,2050
SLN,2004,R,1800,2050
SLN,3001,MW,1030,1145
SLN,3001,MW,900,1015
SLN,3001,MW,1500,1615
SLN,3001,MW,1630,1745
SLN,2004,TR,1030,1145
SLN,3001,W,1330,1445
SLN,3001,T,1630,1745
SLN,2004,MW,1330,1445
SLN,2004,MW,1500,1615
SLN,3001,TR,1030,1145
SLN,2000,W,1200,1315
SLN,2000,T,900,1015
SLN,2002,W,1330,1445
SLN,2000,R,1630,1730
SLN,2000,R,1800,1915
SLN,2000,W,1330,1445
SLN,2000,M,1200,1315
SLN,2000,W,1500,1615
SLN,2000,R,1330,1445
SLN,3003,M,900,1150
SLN,3003,M,1200,1315
SLN,3003,M,1330,1445
SLN,3003,T,900,1150
SLN,2000,R,900,1150
SLN,2000,M,1500,1615
SLN,2000,M,1800,1915
SLN,2004,MTW,900,950
SLN,3008,T,900,1150
SLN,3008,R,900,1150
SLN,3008,M,1500,1750
SLN,3008,M,1200,1450
SQU,208,M,1800,1950
SQU,208,T,1000,1150
SQU,208,W,1800,1950
SQU,208,R,1000,1150
SQU,301,MW,730,845
SQU,208,M,1100,1250
SQU,208,T,1300,1450
SQU,208,W,1100,1250
SQU,208,R,1300,1450
SQU,338,TR,1330,1445
SQU,208,T,1600,1750
SQU,208,W,1300,1450
SQU,208,R,1600,1750
SQU,456,TR,1030,1145
SQU,208,M,1600,1750
SQU,208,T,800,950
SQU,208,R,800,950
SQU,456,MW,1630,1745
SQU,338,TR,900,1015
SQU,301,TR,730,845
SQU,104,T,900,1150
SQU,104,R,900,1150
SQU,104,R,1300,1550
SQU,338,MWF,800,850
SQU,338,MWF,1000,1050
SQU,456,MWF,1100,1150
SQU,338,MWF,1200,1250
SQU,301,MW,1330,1445
SQU,301,TR,900,1015
SQU,338,TR,1200,1315
SQU,338,TR,1500,1615
SQU,456,TR,1630,1745
SQU,104,M,900,1150
SQU,104,M,1300,1550
SQU,104,W,900,1150
SQU,301,MW,1500,1615
SQU,301,TR,1200,1315
SQU,222,M,1300,1550
SQU,222,W,1300,1550
SQU,222,T,900,1150
SQU,222,R,900,1150
SQU,222,T,1200,1450
SQU,222,R,1200,1450
SQU,456,TR,1200,1315
SQU,338,MW,1500,1615
SQU,218,M,900,1150
SQU,218,M,1300,1550
SQU,218,T,900,1150
SQU,218,T,1330,1620
SQU,218,W,900,1150
SQU,218,W,1300,1550
SQU,456,MW,1500,1615
SQU,456,TR,1500,1615
SQU,328,T,900,1150
SQU,328,T,1330,1620
SQU,328,R,900,1150
SQU,328,M,900,1150
SQU,328,M,1300,1550
SQU,328,W,900,1150
SQU,212,MW,1300,1350
SQU,212,M,1400,1650
SQU,338,MW,1630,1745
SQU,142,TR,1630,1745
SQU,443,W,1700,1815
SQU,450,M,1100,1150
SQU,416,W,1100,1330
SQU,450,M,1400,1450
SQU,418,W,1400,1630
SQU,122,M,1100,1150
SQU,418,W,1100,1330
SQU,416,W,1400,1630
SQU,418,R,1030,1300
SQU,450,T,1500,1550
SQU,416,R,1500,1730
SQU,102,T,730,820
SQU,416,R,730,1000
SQU,450,M,1800,1850
SQU,418,W,1800,2030
SQU,418,R,1500,1730
SQU,444,T,1030,1120
SQU,416,R,1030,1300
SQU,338,TR,1030,1145
SQU,416,M,1000,1230
SQU,418,M,1000,1230
SQU,416,M,1700,1930
SQU,418,M,1700,1930
SQU,416,T,1030,1300
SQU,418,T,1030,1300
SQU,418,T,730,1000
SQU,301,MWF,1000,1050
SQU,301,TR,1500,1615
SQU,301,TR,1330,1445
SQU,428,M,1200,1250
SQU,428,M,1300,1530
SQU,428,M,1600,1650
SQU,428,M,1700,1930
SQU,428,W,1300,1350
SQU,428,W,1400,1630
SQU,426,W,1000,1050
SQU,426,W,1100,1330
SQU,426,M,1300,1350
SQU,426,M,1400,1630
SQU,426,W,1400,1450
SQU,426,W,1500,1730
SQU,428,T,900,950
SQU,428,T,1000,1230
SQU,426,T,900,950
SQU,426,T,1000,1230
SQU,428,T,1300,1350
SQU,428,T,1400,1630
SQU,428,R,900,950
SQU,428,R,1000,1230
SQU,426,R,900,950
SQU,426,R,1000,1230
SQU,426,R,1300,1350
SQU,426,R,1400,1630
SQU,426,T,1300,1350
SQU,426,T,1400,1630
SQU,428,R,1300,1350
SQU,428,R,1400,1630
SQU,428,W,900,950
SQU,428,W,1000,1230
SQU,428,W,1700,1750
SQU,428,W,1800,2030
SQU,450,W,1700,1750
SQU,516,M,1400,1450
SQU,516,M,1500,1730
SQU,516,W,900,950
SQU,516,W,1000,1230
SQU,516,W,1400,1450
SQU,516,W,1500,1730
SQU,516,T,1330,1420
SQU,516,T,1430,1700
SQU,456,MWF,1200,1250
SQU,540,M,900,1150
SQU,456,MWF,800,850
SQU,456,MWF,1000,1050
SQU,522,MW,900,1150
SQU,522,M,1400,1650
SQU,522,W,1300,1550
SQU,540,M,1400,1650
SQU,540,W,1300,1550
SQU,522,TR,900,1150
SQU,540,T,1430,1720
SQU,540,R,1330,1620
SQU,540,TR,900,1150
SQU,301,MW,1100,1150
SQU,338,M,1100,1150
SQU,452,MW,900,1040
SQU,452,MW,1300,1440
SQU,452,TR,1500,1640
SQU,452,TR,1200,1340
SQU,450,MW,1200,1315
SQU,456,TR,730,845
SQU,316,MWF,800,850
SQU,538,TR,1430,1720
SQU,450,M,900,950
SQU,538,M,1000,1250
SQU,538,W,900,1150
SQU,325,MW,1600,1715
SQU,450,TR,1030,1145
SQU,443,MWRF,800,850
SQU,338,MWF,900,950
SQU,456,MWF,900,950
SQU,456,TR,1330,1445
SQU,450,T,800,850
SQU,550,TR,900,1150
SQU,450,T,1330,1420
SQU,550,TR,1430,1720
SQU,550,W,1300,1550
SQU,550,M,1400,1650
SQU,548,MW,1400,1650
SQU,548,R,900,1150
SQU,548,T,1000,1250
SQU,450,F,1500,1550
SQU,325,MW,1600,1715
SQU,338,F,1300,1440
SQU,338,MW,1330,1445
SQU,456,MW,1400,1450
SQU,325,TR,1730,1845
SQU,301,TR,1730,1845
SQU,316,MW,1730,1845
SQU,316,TR,1730,1845
SQU,316,TR,1900,2015
SQU,142,W,1630,1820
SQU,128,MW,900,1050
SQU,128,TR,1500,1615
SQU,102,TR,1630,1745
SQU,443,MW,1500,1615
SQU,316,MWF,1100,1150
SQU,316,TR,1500,1615
SQU,316,MWF,1500,1550
SQU,316,TR,1200,1315
SQU,316,MWF,1000,1050
SQU,316,MWF,1300,1350
SQU,316,TR,1030,1145
SQU,316,MWF,1400,1450
SQU,316,TR,1330,1445
SQU,301,MWF,900,950
SQU,443,TR,1500,1615
SQU,443,TR,1330,1445
SQU,128,MW,1330,1445
SQU,326,M,1200,1430
SQU,326,T,900,1130
SQU,326,T,1200,1430
SQU,326,W,1200,1430
SQU,128,MW,1500,1615
SQU,128,TR,1330,1445
SQU,443,TR,900,1015
SQU,443,TR,1200,1315
SQU,443,MW,1330,1445
SQU,443,MWF,1000,1050
SQU,443,MW,1200,1315
SQU,128,MWF,1100,1150
SQU,301,MW,1200,1315
SQU,132,M,1400,1650
SQU,132,T,900,1150
SQU,132,F,900,1150
SQU,325,MWF,1100,1150
SQU,325,TR,900,1015
SQU,325,TR,1200,1315
SQU,132,W,900,1150
SQU,132,W,1300,1550
SQU,132,R,900,1150
SQU,301,TR,1030,1145
SQU,456,TR,900,1015
SQU,338,T,1630,1745
SQU,122,MWF,1200,1250
SQU,122,TR,1200,1315
SQU,122,MWF,1300,1350
SQU,122,TR,1600,1715
SQU,102,MWF,1300,1350
SQU,102,MWF,1400,1450
SQU,102,TR,900,1015
SQU,102,TR,1030,1145
SQU,102,TR,1200,1315
SQU,102,TR,1330,1445
SQU,122,MWF,1000,1050
SQU,142,MWF,1000,1050
SQU,325,MWF,1400,1450
SQU,128,MWF,1200,1250
SQU,122,MWF,1400,1450
SQU,102,MWF,1100,1150
SQU,142,MWF,1300,1350
SQU,142,MWF,1200,1250
SQU,450,T,1200,1250
SQU,128,TR,1030,1145
SQU,142,TR,900,1015
SQU,142,TR,1330,1445
SQU,450,TR,900,1015
SQU,450,W,1330,1445
SQU,242,MW,900,925
SQU,242,MW,925,1050
SQU,242,MW,1300,1325
SQU,242,MW,1325,1450
SQU,242,MW,1500,1525
SQU,242,MW,1525,1650
SQU,242,MW,1700,1725
SQU,242,MW,1725,1850
SQU,242,MW,1900,1925
SQU,242,MW,1925,2050
SQU,242,TR,1800,1825
SQU,242,TR,1825,1950
SQU,242,TR,1000,1025
SQU,242,TR,1025,1150
SQU,242,TR,1400,1425
SQU,242,TR,1425,1550
SQU,242,TR,1600,1625
SQU,242,TR,1625,1750
SQU,242,MW,1100,1125
SQU,242,MW,1125,1250
SQU,242,TR,800,825
SQU,242,TR,825,950
SQU,242,TR,1200,1225
SQU,242,TR,1225,1350
SQU,246,M,1330,1620
SQU,246,T,930,1220
SQU,246,T,1300,1550
SQU,246,R,1030,1320
SQU,246,R,1400,1650
SQU,246,F,900,1150
SQU,236,M,1500,1750
SQU,236,T,1200,1450
SQU,236,T,1500,1750
SQU,236,R,900,1150
SQU,236,R,1200,1450
SQU,236,R,1500,1750
SQU,236,W,900,1150
SQU,236,W,1200,1450
SQU,236,W,1500,1750
SQU,236,R,1800,2050
SQU,236,F,800,1050
SQU,236,F,1100,1350
SQU,142,MW,1100,1150
SQU,142,F,1100,1150
SQU,232,M,800,1050
SQU,232,M,1400,1650
SQU,232,M,1700,1950
SQU,232,T,730,1020
SQU,232,T,1030,1320
SQU,232,T,1500,1750
SQU,232,W,800,1050
SQU,232,W,1200,1450
SQU,325,MWF,900,950
SQU,325,MWF,1500,1550
SQU,142,TR,1030,1145
SQU,325,TR,1500,1615
SQU,325,MWF,1300,1350
SQU,446,MW,900,1015
SQU,446,MW,1020,1145
SQU,446,TR,900,1015
SQU,446,TR,1020,1145
SQU,446,TR,1300,1415
SQU,446,TR,1420,1545
SQU,140,TR,1200,1250
SQU,140,TR,1300,1550
SQU,325,MWF,1000,1050
SQU,130,TR,800,1050
SQU,128,TR,1200,1315
SQU,122,TR,1030,1145
STH,1,MW,1500,1640
TAH,1007,MW,1630,1745
TAH,1007,MW,900,1015
TAH,1026,MW,1200,1315
TAH,1026,MW,1330,1445
TAH,1026,MW,1500,1615
TAH,1004,TR,1500,1615
TAH,1009,TR,1630,1745
TAH,1003,TR,1030,1145
TAH,1003,TR,1200,1315
TAH,1007,TR,1330,1445
TAH,1007,TR,1800,1915
TAH,1007,TR,1200,1250
TAH,1002,T,730,920
TAH,1007,MW,1300,1350
TAH,1004,TR,1330,1445
TAH,1026,MW,900,950
TAH,1003,F,900,1050
TAH,1004,W,1300,1450
TAH,1003,MWF,1100,1150
TAH,1004,TR,1200,1315
TAH,1004,TR,900,1015
TAH,1007,MW,1500,1615
TAH,1007,TR,1600,1715
TAH,1007,MW,1030,1145
TAH,1009,TR,1500,1615
TAH,1009,TR,900,1015
TAH,1009,TR,1030,1145
TAH,1025,TR,900,1015
TAH,1025,TR,1500,1615
TAH,1025,TR,1200,1315
TAH,1025,TR,1030,1145
TAH,1026,MWF,1100,1150
TAH,1025,T,1730,2020
TAH,1002,R,900,1150
TAH,1004,MW,1500,1615
TAH,1004,M,1330,1445
TAH,1002,TR,1200,1315
TAH,1007,TR,1100,1150
TAH,1004,MW,1030,1145
TAH,1026,TR,1630,1745
TAH,1002,W,1700,1950
TAH,1003,MW,1500,1615
TAH,1003,W,1800,2050
TAH,1004,MWF,1200,1250
TAH,1003,MW,1200,1315
TAH,1003,MW,1630,1745
TAH,1003,TR,1630,1745
TAH,1003,TR,900,1015
TAH,1004,TR,1030,1145
TAH,1026,TR,900,1015
TAH,1026,TR,1030,1145
TAH,1003,R,1800,2050
TAH,1004,M,1800,2050
TAH,1026,R,1800,2050
TAH,1004,W,1800,2050
TAH,1004,R,1800,2050
TAH,1027,T,1800,2050
TAH,1003,T,1800,2050
TAH,1003,M,1800,2050
TAH,1026,T,1800,2050
TAH,1026,W,1800,2050
TAH,1004,T,1800,2050
TAH,1025,R,1800,2050
TAH,1026,M,1800,2050
TAH,1002,MW,900,950
TAH,1002,MW,1500,1550
TAH,1004,MW,1630,1745
TAH,1007,W,1800,2050
TAH,1004,TR,1630,1745
TAH,1003,TR,1500,1615
TAH,1026,MW,730,845
TAH,1026,TR,1330,1445
TAH,1026,TR,1500,1615
TAH,1026,MW,1630,1745
TAH,1026,TR,1200,1315
TAH,1003,TR,1330,1445
TAH,1003,MW,1330,1445
TAH,1003,MW,730,845
TAH,1003,MW,900,1015
TAH,1027,MW,1330,1445
TAH,1025,MWF,1100,1150
TAH,1025,MW,1330,1445
TAH,1025,MW,1500,1615
TAH,1025,MW,1200,1315
TAH,1025,TR,1330,1445
TBA,ARR,MW,1800,2050
TBA,ARR,MW,1500,2050
TBA,ARR,TR,1500,1615
TBA,ARR,MW,1330,1445
TBA,ARR,R,1230,1530
TBA,ARR,R,800,1150
TBA,ARR,M,1800,2050
TBA,ARR,S,900,1500
TBA,ARR,T,1800,2050
TBA,ARR,W,1800,2050
TBA,ARR,R,1800,2050
TBA,ARR,T,1030,1145
TBA,ARR,R,1030,1145
TBA,ARR,TR,1500,1750
TBA,ARR,TR,1500,1750
TBA,ARR,MW,900,1150
TBA,ARR,MW,900,1150
TBA,ARR,TR,900,1150
TBA,ARR,TR,900,1150
TBA,ARR,T,1400,1700
TBA,ARR,T,1400,1700
TBA,ARR,M,1400,1650
TBA,ARR,M,1400,1650
TBA,ARR,R,900,1150
TBA,ARR,R,900,1150
TBA,ARR,T,900,1150
TBA,ARR,T,900,1150
TEB,1118B,M,1400,1650
TEB,1118B,T,1400,1650
TEB,1118B,R,1100,1350
TEB,1118B,R,1400,1650
TEB,1224,M,1330,1620
TEB,1224,W,1330,1620
TEB,1224,F,900,1150
TEB,1118D,M,1530,1820
TEB,1118D,T,1530,1820
TEB,1118D,R,1530,1820
TEB,1118D,F,1530,1820
TEB,1125,M,1330,1620
TEB,1125,T,1330,1620
TEB,1125,W,1330,1620
TEB,1125,R,1330,1620
TEB,1118B,M,900,1150
TEB,1118B,W,900,1150
TEB,1118B,F,900,1150
TEB,1118B,T,1800,2050
TEB,1118B,R,1800,2050
TEB,1118D,TR,1400,1450
TEB,1119,T,1000,1250
TEB,1119,R,1000,1250
TEB,1234,M,1300,1550
TEB,1118D,W,1000,1250
TEB,1119,T,1300,1550
TEB,1119,R,1300,1550
TEB,1119,T,1600,1850
TEB,1234,R,1300,1550
TEB,1119,M,1400,1650
TEB,1119,W,1400,1650
TEB,1119,W,1700,1950
TEB,1218,M,1510,1650
TEB,1218,W,1500,1640
TEB,1102,M,1830,2110
TEB,1102,W,1830,2110
TEB,1108,F,1500,1740
TEB,1108,W,1830,2110
TEB,1108,M,1800,2040
TEB,1218,MW,1230,1320
TEB,1218,MW,1330,1445
TEB,1218,TR,1000,1050
TEB,1218,TR,1100,1215
TEB,1218,TR,1500,1550
TEB,1218,TR,1600,1715
TEB,1329,T,1130,1415
TEB,1329,T,1530,1815
TEB,1329,W,800,1045
TEB,1329,W,1200,1445
TEB,1329,R,1200,1445
TEB,1329,R,1530,1815
TEB,1329,R,1830,2115
TEB,1329,F,800,1045
TEB,1329,F,1100,1345
TEB,1329,F,1400,1645
TEB,1357,W,1100,1350
TEB,1357,W,1500,1750
TEB,1357,F,1100,1350
TEB,1218,TR,1230,1320
TEB,1218,TR,1330,1445
TEB,1349,F,900,1145
TEB,1349,F,1300,1545
TEB,1329,M,1500,1750
TEB,1329,T,1830,2120
TEB,1329,W,1500,1750
TSC,1000,MWF,900,950
TSC,1000,MWF,1500,1550
TSC,1000,TR,1330,1445
TSC,1000,TR,1500,1615
TSC,1001,MW,1600,1715
TSC,3027,M,1300,1550
TSC,3027,T,1330,1620
TSC,3027,W,1300,1550
TSC,3027,R,1330,1620
TSC,3027,M,900,1150
TSC,3027,T,900,1150
TSC,3027,W,900,1150
TSC,3027,R,900,1150
TSC,3031,T,900,1150
TSC,3031,W,900,1150
TSC,3031,R,900,1150
TSC,3031,M,1300,1550
TSC,3031,T,1330,1620
TSC,3031,R,1330,1620
TSC,4020,M,1300,1550
TSC,4020,W,900,1150
TSC,4020,W,1300,1550
TSC,4020,R,1030,1320
TSC,4020,R,1500,1750
TSC,1001,TR,1030,1145
TSC,1001,TR,730,845
TSC,3002,TR,1200,1315
TSC,3002,TR,1330,1445
TSC,3002,TR,1500,1615
TSC,3002,TR,1630,1745
TSC,3002,W,900,1150
TSC,3002,R,900,1150
TSC,1001,TR,1330,1445
TSC,1002,MWF,1100,1150
TSC,3002,M,1300,1550
TSC,1001,TR,900,1015
TSC,3002,M,900,1150
TSC,1001,MW,730,845
TSC,3014,M,900,1150
TSC,3014,M,1200,1450
TSC,3014,W,900,1150
TSC,3014,T,900,1150
TSC,3014,T,1330,1620
TSC,3014,R,900,1150
TSC,3014,R,1330,1620
TSC,1005,MW,730,845
TSC,5031,MW,900,1015
TSC,1005,MWF,1100,1150
TSC,5031,R,900,1150
TSC,3035,MW,900,1015
TSC,3035,MW,1030,1145
TSC,3035,MW,1330,1445
TSC,3035,TR,900,1015
TSC,3035,TR,1030,1145
TSC,3035,TR,1330,1445
TSC,3018,TR,900,1150
TSC,3018,TR,1330,1620
TSC,5016,W,1400,1650
TSC,4016,M,1500,1750
TSC,4016,T,1500,1750
TSC,4016,WF,900,1150
TSC,4016,WF,1300,1550
TSC,1001,TR,1500,1615
TSC,5014,TR,730,845
TSC,5014,TR,900,1015
TSC,5014,TR,1030,1145
TSC,5014,TR,1200,1315
TSC,5014,MW,1330,1445
TSC,5014,MW,1500,1615
TSC,5014,MW,1630,1745
TSC,5027,MW,900,950
TSC,5027,MW,1000,1115
TSC,4016,WF,900,1150
TSC,4016,WF,1300,1550
TSC,1005,T,1800,1850
TSC,1013,MW,1100,1330
TSC,1013,MW,1400,1630
TSC,1009,MW,1430,1700
TSC,1009,TR,730,1000
TSC,1009,TR,1030,1300
TSC,1009,TR,1500,1730
TSC,1013,TR,1330,1600
TSC,1013,TR,730,1000
TSC,1001,MWF,1300,1350
TSC,2000,MW,800,1030
TSC,2002,MW,1200,1430
TSC,2000,MW,1430,1700
TSC,2002,TR,900,1130
TSC,2000,TR,1200,1430
TSC,2029,MW,1330,1600
TSC,1005,T,800,850
TSC,2033,TR,900,1130
TSC,1005,R,1330,1420
TSC,2033,R,1430,1700
TSC,2033,T,1400,1630
TSC,1005,TR,1030,1145
TSC,1002,TR,1730,1845
TSC,1002,MW,1730,1845
TSC,1001,M,1730,1820
TSC,1001,M,1900,1950
TSC,1001,MW,1100,1215
TSC,1002,M,900,1040
TSC,1002,TR,1330,1445
TSC,1001,T,1630,1720
TSC,1002,TR,900,1015
TSC,1002,MW,1500,1615
TSC,1002,MW,1500,1615
TSC,1002,MW,1500,1615
TSC,1002,TR,1030,1145
TSC,1002,MWF,1300,1350
TSC,1002,MWF,1400,1450
TSC,1005,MW,1500,1615
TSC,1005,TR,900,1015
TSC,1005,TR,1200,1315
TSC,1005,MW,1330,1445
TSC,5027,MW,1200,1250
TSC,5027,MW,1250,1405
TSC,5027,MW,1500,1550
TSC,5027,MW,1550,1705
TSC,1000,MW,1730,1845
TSC,5027,TR,900,950
TSC,5027,TR,950,1105
TSC,5027,TR,1200,1250
TSC,5027,TR,1250,1405
TSC,1005,TR,1500,1615
TSC,5027,TR,900,950
TSC,5027,TR,950,1105
TSC,5027,TR,1200,1250
TSC,5027,TR,1250,1405
TSC,1002,W,730,845
TSC,1002,W,900,1015
TSC,1001,TR,1200,1315
TSC,1001,W,1800,2000
TSC,1001,W,1800,2000
TSC,1001,MW,900,950
TSC,1001,F,900,950
TSC,1001,MW,1400,1450
TSC,1001,F,1400,1450
TSC,1001,W,1000,1050
TSC,1002,TR,1500,1615
YSM,135,TR,1200,1315
YSM,117,TR,1600,1650
YSM,119,M,1330,1445
YSM,127,TR,1330,1445
YSM,171,F,800,1030
YSM,127,M,1300,1450
YSM,127,MW,900,950
YSM,135,TR,1030,1145
YSM,119,TR,1200,1315
YSM,127,M,1100,1250
YSM,133,M,1730,1920
YSM,133,W,1730,1920
YSM,133,T,1500,1550
YSM,127,W,1730,2020
YSM,117,TR,1330,1445
YSM,119,M,1500,1615
YSM,127,M,1630,1745
YSM,117,M,800,850
YSM,117,M,900,950
YSM,117,M,1000,1050
YSM,135,T,900,950
YSM,117,TR,1200,1315
YSM,133,TR,1630,1745
YSM,133,TR,1630,1745
YSM,127,TR,900,1015
YSM,133,TR,730,755
YSM,100,MW,730,845
YSM,119,MW,730,845
YSM,127,TR,1030,1145
YSM,119,T,1630,1920
YSM,171,MW,1200,1315
YSM,171,TR,1030,1145
YSM,171,MW,1100,1150
YSM,135,MW,1100,1150
YSM,171,MW,900,1015
YSM,100,MW,1000,1050
YSM,100,MW,1100,1150
YSM,133,MW,1100,1125
YSM,133,MW,1125,1215
YSM,100,TR,800,850
YSM,119,TR,800,850
YSM,100,TR,900,950
YSM,119,TR,900,950
YSM,141,MW,1200,1250
YSM,100,MW,1200,1250
YSM,141,MW,1300,1350
YSM,100,MW,1300,1350
YSM,141,TR,1000,1050
YSM,100,TR,1000,1050
YSM,107,TR,1000,1050
YSM,141,TR,1100,1150
YSM,100,TR,1100,1150
YSM,107,TR,1100,1150
YSM,135,MW,1200,1250
YSM,135,TR,0,50
YSM,119,MW,900,950
YSM,119,TR,1030,1145
YSM,135,MW,900,950
YSM,193,TR,730,845
YSM,193,TR,1030,1145
YSM,193,MW,730,845
YSM,193,MW,900,1015
YSM,193,M,1900,2150
YSM,193,TR,900,1015
YSM,135,MW,1400,1450
YSM,119,MW,1200,1315
YSM,171,T,800,950
YSM,171,R,800,950
YSM,117,R,1030,1145
YSM,133,T,1200,1315
YSM,133,R,1200,1315
YSM,117,MW,1730,1845
YSM,141,M,830,950
YSM,141,W,830,950
YSM,119,T,1315,1515
YSM,119,W,1400,1700
YSM,133,M,900,1100
YSM,133,W,1400,1700
YSM,141,W,1000,1050
YSM,127,F,1000,1050
YSM,127,F,1100,1150
YSM,141,F,1000,1050
YSM,119,F,1100,1150
YSM,127,W,1200,1450
YSM,141,T,1500,1750
